Student_ID,Study_Hours_Per_Week,Attendance_Rate,Assignment_Score,Quizzes_Score,Final_Score,Pass_Fail
STU_1861,7.3,72.1,82.5,57.7,69.1,Pass
STU_0354,9.5,88.4,81.8,75.0,81.9,Pass
STU_1334,5.6,67.7,50.8,68.6,53.1,Fail
STU_0906,11.4,73.1,81.5,60.9,58.0,Fail
STU_1290,4.7,66.8,47.4,38.0,62.2,Pass
STU_1274,9.7,64.3,94.7,69.7,58.0,Fail
STU_0939,6.4,49.3,53.8,54.7,48.0,Fail
STU_1732,13.0,88.9,49.5,55.3,59.2,Fail
STU_0066,7.6,59.2,79.6,72.3,76.8,Pass
STU_1324,9.3,89.3,90.3,55.0,68.1,Pass
STU_0057,5.0,52.8,68.4,75.9,58.5,Fail
STU_1293,11.6,91.0,77.4,34.5,50.8,Fail
STU_1119,10.8,93.9,67.3,76.2,67.7,Pass
STU_0585,19.9,93.9,84.1,90.8,72.6,Pass
STU_0375,20.9,100.0,93.2,74.3,77.4,Pass
STU_0276,5.5,61.2,32.2,49.0,54.3,Fail
STU_0747,8.1,75.8,64.1,84.7,56.6,Fail
STU_0129,10.8,100.0,81.2,60.3,74.3,Pass
STU_1647,9.7,77.9,59.7,90.1,71.4,Pass
STU_1853,4.3,53.6,82.3,26.3,59.5,Fail
STU_0675,4.1,69.3,55.3,56.0,63.5,Pass
STU_1665,11.0,71.8,86.4,62.2,59.4,Fail
STU_1982,7.8,57.6,54.0,56.8,46.4,Fail
STU_1084,12.3,61.1,61.2,99.0,66.3,Pass
STU_1923,5.9,66.3,86.7,18.7,62.7,Pass
STU_0100,12.5,84.4,67.7,83.7,51.2,Fail
STU_1180,4.3,57.8,60.7,61.8,64.2,Pass
STU_0965,14.8,97.4,87.1,88.3,71.8,Pass
STU_0793,8.9,74.2,98.1,69.1,79.7,Pass
STU_0030,14.4,82.5,73.4,100.0,70.4,Pass
STU_0629,7.7,91.4,67.7,94.2,71.7,Pass
STU_0945,7.9,75.7,88.7,74.6,65.9,Pass
STU_0573,4.0,60.2,58.4,55.7,45.6,Fail
STU_0908,7.1,88.0,71.8,79.6,63.4,Pass
STU_1081,4.7,51.5,62.0,65.2,76.2,Pass
STU_0451,10.5,75.9,82.5,68.3,77.8,Pass
STU_1610,0.7,47.7,46.8,77.2,55.7,Fail
STU_1291,10.2,67.4,64.0,78.6,61.3,Pass
STU_1079,11.6,71.2,52.7,53.2,67.6,Pass
STU_0255,18.9,100.0,66.7,97.2,77.1,Pass
STU_0125,14.6,89.8,92.5,73.2,72.3,Pass
STU_1928,3.5,40.6,59.5,30.9,50.1,Fail
STU_0252,2.1,51.5,42.7,47.8,66.5,Pass
STU_0586,9.0,60.9,45.5,51.7,57.9,Fail
STU_1569,9.8,76.2,86.7,74.5,61.3,Pass
STU_0825,15.7,76.6,52.7,58.7,62.0,Pass
STU_0508,11.8,67.2,82.4,100.0,78.5,Pass
STU_0890,10.8,86.1,58.7,43.6,69.1,Pass
STU_0071,7.1,69.7,83.9,77.7,73.5,Pass
STU_1609,1.5,66.0,59.3,82.8,48.3,Fail
STU_1533,18.3,79.1,78.2,42.5,73.1,Pass
STU_0248,20.0,95.4,84.1,71.7,81.7,Pass
STU_1451,7.7,88.7,32.9,81.1,66.6,Pass
STU_0213,4.6,44.8,59.4,42.3,56.5,Fail
STU_0910,5.2,76.0,78.6,83.7,67.3,Pass
STU_1742,19.2,76.9,78.9,93.9,73.3,Pass
STU_1245,9.4,80.5,51.7,60.0,60.0,Fail
STU_1697,8.3,90.2,87.2,71.8,64.7,Pass
STU_1183,6.5,66.4,61.2,56.0,70.6,Pass
STU_0362,4.1,44.8,31.6,56.6,50.5,Fail
STU_1474,9.5,86.4,79.1,70.4,74.3,Pass
STU_0679,4.1,63.7,58.0,73.8,52.3,Fail
STU_1622,9.7,75.1,86.1,84.6,82.2,Pass
STU_1090,7.5,82.0,52.3,74.1,66.2,Pass
STU_1988,8.3,47.2,40.9,47.8,55.4,Fail
STU_1848,23.2,100.0,100.0,66.2,78.4,Pass
STU_0988,8.3,68.2,82.6,73.0,62.9,Pass
STU_1513,14.6,98.9,77.9,72.7,77.0,Pass
STU_0112,10.6,73.8,79.4,85.1,55.2,Fail
STU_1488,8.9,73.4,85.8,94.9,67.1,Pass
STU_1454,12.9,62.0,66.3,77.1,57.9,Fail
STU_0384,6.8,53.8,60.3,73.3,56.3,Fail
STU_1396,1.8,52.7,41.1,68.9,53.7,Fail
STU_1055,3.8,56.7,42.5,78.0,57.9,Fail
STU_0756,11.3,90.6,71.5,48.9,66.3,Pass
STU_0325,6.1,77.5,81.6,59.7,59.5,Fail
STU_1624,3.6,46.2,47.8,39.4,48.7,Fail
STU_0788,16.2,98.3,100.0,77.4,80.9,Pass
STU_0369,2.3,54.7,50.5,54.3,57.0,Fail
STU_1820,8.2,84.4,78.0,59.8,69.9,Pass
STU_0070,25.0,87.5,97.5,54.6,72.0,Pass
STU_0858,13.7,75.0,62.4,59.2,75.1,Pass
STU_1484,4.3,58.2,42.5,49.1,46.1,Fail
STU_1556,6.9,62.3,36.5,55.7,62.7,Pass
STU_1692,6.2,66.6,72.8,56.8,55.6,Fail
STU_1475,10.5,72.2,59.0,76.6,57.9,Fail
STU_1799,4.5,77.5,55.0,46.8,60.9,Pass
STU_0479,9.2,75.3,55.3,88.8,65.1,Pass
STU_0282,4.2,72.4,52.6,73.0,58.0,Fail
STU_1648,3.6,83.8,78.3,36.8,66.6,Pass
STU_1557,7.7,80.1,70.5,58.4,67.7,Pass
STU_1730,11.2,75.4,90.1,52.9,71.5,Pass
STU_0211,6.7,54.7,67.9,64.2,65.1,Pass
STU_0298,8.2,77.0,91.5,75.2,65.5,Pass
STU_1885,4.1,55.9,37.3,24.5,37.0,Fail
STU_1834,17.9,80.4,84.0,86.5,78.1,Pass
STU_0652,10.4,75.1,75.5,52.3,68.1,Pass
STU_1234,10.3,73.5,97.0,93.4,67.7,Pass
STU_1503,9.7,52.3,58.1,78.3,61.4,Pass
STU_1932,3.1,39.7,61.5,47.1,45.4,Fail
STU_0917,7.6,66.5,79.7,39.7,60.8,Pass
STU_0994,0.7,40.0,51.0,39.8,53.1,Fail
STU_0430,5.4,71.8,63.3,48.3,58.0,Fail
STU_1371,5.8,63.8,100.0,78.5,70.3,Pass
STU_0240,11.5,84.5,73.8,68.3,65.9,Pass
STU_0880,15.6,94.1,75.0,100.0,83.0,Pass
STU_0621,2.5,46.1,50.5,34.9,52.1,Fail
STU_0257,2.2,74.9,66.0,86.0,55.4,Fail
STU_0612,0.6,58.3,44.4,54.3,45.3,Fail
STU_0545,6.9,80.0,92.4,70.0,58.5,Fail
STU_0772,5.6,72.2,38.4,51.4,57.4,Fail
STU_1420,6.6,72.5,83.1,81.3,60.0,Pass
STU_1042,1.9,59.8,58.9,42.7,52.6,Fail
STU_1790,10.4,49.1,75.3,88.5,66.6,Pass
STU_0760,5.4,44.4,75.4,64.1,63.2,Pass
STU_0383,5.6,59.3,73.6,89.3,57.6,Fail
STU_1104,9.1,75.8,57.3,71.4,68.9,Pass
STU_0974,12.2,100.0,97.1,88.1,78.6,Pass
STU_0353,17.8,99.0,67.1,48.1,73.3,Pass
STU_1606,4.2,53.5,70.5,64.0,45.7,Fail
STU_1826,12.1,90.7,81.3,66.7,76.4,Pass
STU_1037,13.6,88.4,68.0,94.5,68.9,Pass
STU_1108,7.3,65.8,46.8,80.1,59.1,Fail
STU_0495,20.4,100.0,100.0,78.1,77.9,Pass
STU_0394,5.7,83.9,87.2,54.5,60.9,Pass
STU_1547,9.3,54.3,59.0,38.1,58.1,Fail
STU_0465,9.0,78.0,62.5,60.2,65.0,Pass
STU_0887,1.0,62.7,23.8,62.7,70.8,Pass
STU_1194,12.1,83.6,74.4,90.3,57.3,Fail
STU_0367,6.1,58.2,67.7,85.5,58.4,Fail
STU_1894,10.7,82.3,76.1,63.1,67.1,Pass
STU_1874,3.6,66.9,56.0,57.7,58.0,Fail
STU_0745,7.9,78.8,59.3,69.0,75.1,Pass
STU_0530,8.7,49.0,50.4,70.0,62.0,Pass
STU_0803,6.8,73.3,34.2,71.2,51.2,Fail
STU_1224,1.3,30.3,25.4,56.6,39.4,Fail
STU_1979,9.8,87.6,65.4,52.5,69.4,Pass
STU_1906,7.3,93.2,67.2,74.2,73.2,Pass
STU_1700,7.0,83.9,81.0,72.7,60.8,Pass
STU_1545,11.5,83.5,82.1,76.7,73.9,Pass
STU_1314,8.2,58.4,64.4,68.2,57.7,Fail
STU_0307,11.1,73.1,77.8,35.6,49.7,Fail
STU_1667,12.2,70.6,83.2,75.6,66.1,Pass
STU_0863,4.0,54.0,51.1,25.8,51.7,Fail
STU_1567,6.4,55.5,54.0,55.9,44.3,Fail
STU_0531,5.0,57.1,65.9,55.2,49.6,Fail
STU_0655,6.6,59.5,80.8,59.0,60.9,Pass
STU_1260,22.1,98.9,100.0,92.2,83.1,Pass
STU_0234,16.6,94.8,88.2,96.7,73.7,Pass
STU_0121,4.4,66.1,46.2,46.5,51.9,Fail
STU_1698,10.4,81.0,55.0,24.9,58.5,Fail
STU_0950,15.6,85.3,91.3,100.0,71.3,Pass
STU_0618,10.6,68.9,93.1,61.1,76.3,Pass
STU_1179,10.0,60.8,99.1,85.6,53.0,Fail
STU_0308,2.4,68.0,69.6,46.8,48.8,Fail
STU_0136,5.9,43.3,48.1,59.3,48.1,Fail
STU_0555,5.1,67.4,59.1,34.7,54.3,Fail
STU_1674,8.4,61.6,64.5,91.9,60.2,Pass
STU_0584,9.0,70.6,68.8,89.7,71.8,Pass
STU_1641,5.4,70.7,62.7,29.7,53.2,Fail
STU_0671,12.3,79.7,59.1,67.2,59.4,Fail
STU_0835,19.3,100.0,100.0,75.2,74.3,Pass
STU_0110,4.5,65.2,46.7,34.2,51.3,Fail
STU_1165,8.4,68.3,61.5,77.0,47.1,Fail
STU_1960,10.3,81.3,56.0,83.6,63.3,Pass
STU_1465,3.6,63.2,71.7,56.7,59.1,Fail
STU_1729,14.3,67.5,61.9,69.4,79.9,Pass
STU_1243,11.3,88.8,80.4,65.8,81.1,Pass
STU_0212,9.7,62.0,57.0,34.0,47.0,Fail
STU_1768,6.1,76.1,75.4,72.0,70.2,Pass
STU_1121,12.3,92.2,97.9,100.0,88.4,Pass
STU_0680,6.9,43.4,73.6,41.4,57.8,Fail
STU_1951,8.2,55.8,52.1,40.8,55.7,Fail
STU_1839,9.8,86.0,65.6,52.4,45.2,Fail
STU_0412,8.6,75.8,49.2,100.0,64.3,Pass
STU_1325,6.3,75.7,52.4,59.6,59.8,Fail
STU_0783,14.3,64.7,71.5,67.2,63.8,Pass
STU_1346,2.8,70.4,55.4,39.9,53.2,Fail
STU_0875,7.9,79.8,63.6,74.6,57.4,Fail
STU_1653,4.2,59.3,66.8,72.5,49.1,Fail
STU_1279,3.8,61.7,72.5,63.1,66.6,Pass
STU_0786,23.9,100.0,100.0,48.9,71.9,Pass
STU_1819,6.9,48.8,54.1,39.6,44.4,Fail
STU_1199,8.8,80.9,82.7,79.3,74.4,Pass
STU_0808,10.8,60.6,80.6,84.5,61.3,Pass
STU_0713,1.7,49.1,47.0,79.6,58.8,Fail
STU_1991,6.6,50.4,51.1,41.5,52.8,Fail
STU_1660,5.5,45.1,56.9,40.8,51.4,Fail
STU_1191,8.1,57.1,75.5,84.9,53.9,Fail
STU_1226,2.9,47.5,20.7,67.3,50.7,Fail
STU_0603,11.6,83.8,89.8,83.4,69.6,Pass
STU_0271,5.0,53.9,52.6,7.7,51.6,Fail
STU_1385,14.5,74.1,100.0,63.8,79.7,Pass
STU_0232,15.3,74.0,74.6,81.0,78.4,Pass
STU_0050,9.9,79.1,54.5,62.8,70.6,Pass
STU_0463,4.4,52.1,76.3,38.4,49.9,Fail
STU_1106,11.6,85.3,80.7,70.5,69.8,Pass
STU_0856,8.0,78.1,79.6,42.7,55.2,Fail
STU_0694,15.8,71.4,81.9,100.0,70.1,Pass
STU_1552,4.9,54.3,77.2,73.2,57.0,Fail
STU_1873,4.1,59.8,47.3,65.2,55.5,Fail
STU_0527,8.9,91.9,66.8,53.5,63.7,Pass
STU_0174,5.4,63.5,67.1,73.6,58.6,Fail
STU_0721,4.9,59.9,56.8,48.0,56.5,Fail
STU_0415,2.2,55.7,38.2,51.9,43.4,Fail
STU_0238,8.2,84.6,42.4,88.5,60.1,Pass
STU_1473,11.9,76.2,95.9,70.2,66.7,Pass
STU_1336,17.4,100.0,75.6,80.9,64.3,Pass
STU_1064,5.4,71.1,55.3,71.8,55.2,Fail
STU_0024,9.0,73.8,93.8,1.0,75.9,Pass
STU_1767,7.5,62.4,82.6,24.9,66.3,Pass
STU_0064,10.1,82.0,71.8,63.1,69.1,Pass
STU_0290,4.5,64.1,63.4,65.3,49.4,Fail
STU_0189,7.4,46.5,67.0,80.4,55.4,Fail
STU_0702,3.0,64.7,50.4,22.9,43.9,Fail
STU_1815,9.9,81.3,68.4,41.1,61.1,Pass
STU_1138,16.7,53.7,96.0,69.7,69.2,Pass
STU_0355,3.7,52.0,54.4,30.7,63.4,Pass
STU_0417,7.1,51.4,57.3,84.9,65.1,Pass
STU_1246,23.3,100.0,98.6,100.0,86.6,Pass
STU_0931,10.3,79.8,29.9,58.6,57.0,Fail
STU_0197,7.3,73.8,62.1,68.3,50.2,Fail
STU_0580,5.2,60.1,56.1,73.1,57.7,Fail
STU_1135,7.1,68.0,68.0,68.8,58.2,Fail
STU_1814,9.6,69.1,76.2,60.5,57.0,Fail
STU_1935,8.3,79.7,69.5,84.1,65.5,Pass
STU_0434,10.7,59.6,74.1,58.0,68.2,Pass
STU_0101,13.7,99.6,60.6,73.3,70.4,Pass
STU_1655,15.0,96.4,68.6,78.8,66.7,Pass
STU_0395,10.6,100.0,100.0,71.7,67.1,Pass
STU_1939,15.1,100.0,97.4,58.2,71.6,Pass
STU_0221,4.8,69.9,99.7,90.1,59.2,Fail
STU_1676,7.3,73.2,84.4,50.9,57.4,Fail
STU_1498,9.8,100.0,41.1,64.5,64.5,Pass
STU_1785,8.9,59.2,59.1,54.9,61.8,Pass
STU_0345,5.8,75.0,63.2,59.5,62.2,Pass
STU_1028,13.2,79.4,75.7,56.8,71.7,Pass
STU_0889,8.3,65.3,80.4,68.1,58.1,Fail
STU_1351,3.2,69.7,49.7,66.7,34.3,Fail
STU_0553,9.0,79.9,60.9,56.8,58.4,Fail
STU_0744,8.0,56.0,42.4,84.2,56.6,Fail
STU_1542,6.0,66.1,80.3,79.8,71.5,Pass
STU_0539,12.0,69.4,89.6,87.1,71.7,Pass
STU_0907,22.9,100.0,80.8,73.6,74.8,Pass
STU_1395,8.1,73.8,61.5,64.3,57.1,Fail
STU_0116,7.6,59.1,53.6,81.5,66.4,Pass
STU_0830,10.0,51.6,87.9,67.9,65.5,Pass
STU_1938,1.5,46.4,37.8,38.0,47.4,Fail
STU_0809,6.3,55.0,61.4,77.8,63.6,Pass
STU_1311,2.6,64.6,53.8,37.7,42.6,Fail
STU_1005,4.9,68.8,81.2,95.4,59.7,Fail
STU_0306,5.2,40.0,32.5,39.3,46.0,Fail
STU_1101,5.4,46.2,30.4,95.4,64.6,Pass
STU_0480,13.9,88.2,94.6,93.0,76.2,Pass
STU_1424,3.3,67.0,56.4,34.6,48.1,Fail
STU_1076,10.4,70.3,28.7,99.0,52.8,Fail
STU_0571,6.8,59.3,62.6,70.2,59.5,Fail
STU_0619,8.4,76.9,60.6,77.8,75.4,Pass
STU_1898,9.0,81.4,59.0,91.6,69.8,Pass
STU_1266,2.8,58.8,27.9,20.2,42.0,Fail
STU_0079,2.6,65.2,64.8,38.1,55.1,Fail
STU_1912,16.9,100.0,82.7,100.0,75.1,Pass
STU_0033,5.1,46.3,51.4,43.8,52.5,Fail
STU_1538,3.6,50.8,25.0,57.6,43.0,Fail
STU_1034,10.4,96.6,76.0,84.6,74.1,Pass
STU_1563,11.3,100.0,85.6,85.8,77.2,Pass
STU_0352,2.1,45.9,84.1,48.5,47.9,Fail
STU_0164,4.1,64.2,38.5,64.5,60.4,Pass
STU_0204,2.8,52.0,15.2,41.2,52.4,Fail
STU_1054,2.3,57.3,79.7,41.5,48.6,Fail
STU_1365,7.9,79.2,44.1,49.4,73.0,Pass
STU_1967,2.0,54.1,64.5,46.7,45.7,Fail
STU_0496,5.4,40.5,57.7,71.9,61.8,Pass
STU_1625,5.7,62.0,40.1,82.8,61.0,Pass
STU_1966,3.5,66.5,39.0,54.2,61.3,Pass
STU_1963,4.1,48.7,59.9,63.5,63.0,Pass
STU_0611,12.4,44.9,64.6,100.0,66.8,Pass
STU_0433,14.4,100.0,84.6,35.6,77.3,Pass
STU_1492,12.9,100.0,75.9,46.1,80.9,Pass
STU_0219,10.7,77.2,36.3,78.0,58.4,Fail
STU_1931,8.9,57.3,28.9,61.6,71.3,Pass
STU_1466,11.3,75.0,76.5,64.9,75.8,Pass
STU_0631,12.2,84.3,70.5,69.4,37.1,Fail
STU_1382,3.3,75.8,69.8,86.0,63.5,Pass
STU_1302,10.2,83.3,69.5,65.6,67.8,Pass
STU_0060,9.3,75.9,91.7,100.0,70.2,Pass
STU_0299,4.6,35.1,42.4,77.2,79.4,Pass
STU_1711,7.6,77.2,54.4,67.9,56.5,Fail
STU_0074,12.3,72.0,59.1,74.6,64.9,Pass
STU_0163,2.8,50.0,51.9,55.6,50.1,Fail
STU_1275,9.8,66.3,96.6,60.0,68.7,Pass
STU_1594,3.7,53.9,49.4,50.1,44.8,Fail
STU_1434,4.0,51.2,30.5,86.1,48.0,Fail
STU_1613,16.9,88.3,85.8,100.0,81.5,Pass
STU_0592,10.3,71.7,82.5,64.6,73.7,Pass
STU_0317,17.3,100.0,72.8,100.0,52.4,Fail
STU_0046,18.4,100.0,92.5,97.2,77.6,Pass
STU_1720,11.0,67.3,91.5,76.3,56.1,Fail
STU_1832,8.1,56.2,59.4,59.5,64.5,Pass
STU_0428,10.8,70.1,57.1,93.8,64.0,Pass
STU_0582,11.5,70.3,77.9,68.7,64.6,Pass
STU_0077,4.1,74.5,51.2,76.1,55.5,Fail
STU_1917,3.2,52.2,43.6,89.3,65.0,Pass
STU_1415,10.2,54.1,77.3,75.8,62.7,Pass
STU_0781,2.4,48.0,39.2,83.7,75.8,Pass
STU_1920,18.6,66.1,71.7,93.9,68.4,Pass
STU_1174,17.4,100.0,83.4,59.8,82.8,Pass
STU_1320,4.5,47.3,49.8,29.7,46.7,Fail
STU_0938,9.0,86.2,73.4,49.8,68.2,Pass
STU_0031,9.7,88.6,76.6,46.5,73.0,Pass
STU_1092,10.5,79.3,62.6,41.4,68.7,Pass
STU_1616,25.0,100.0,87.3,89.4,80.5,Pass
STU_1230,2.4,45.6,29.0,55.6,48.8,Fail
STU_0975,11.4,67.8,67.8,87.0,65.1,Pass
STU_1085,23.1,100.0,100.0,90.4,76.0,Pass
STU_0515,11.6,95.3,58.2,65.2,57.7,Fail
STU_1551,7.0,59.3,53.6,51.7,57.0,Fail
STU_1568,9.6,73.8,37.2,59.9,69.3,Pass
STU_1811,10.4,53.2,72.4,57.3,59.0,Fail
STU_1574,5.3,38.3,54.4,55.7,45.6,Fail
STU_0045,7.8,66.7,66.4,82.1,71.5,Pass
STU_1687,2.6,51.6,74.0,43.4,55.6,Fail
STU_0169,3.3,59.6,63.5,40.0,57.1,Fail
STU_0304,8.5,78.2,77.8,86.2,80.3,Pass
STU_0991,9.2,66.3,70.4,26.2,57.3,Fail
STU_0556,20.5,100.0,100.0,79.3,82.2,Pass
STU_1925,0.5,59.0,53.0,70.5,35.5,Fail
STU_0608,9.3,67.4,64.7,85.1,69.5,Pass
STU_1619,7.8,83.4,70.7,85.6,81.6,Pass
STU_0758,8.8,72.2,67.7,72.8,64.5,Pass
STU_0439,5.0,53.2,73.1,38.4,51.9,Fail
STU_0583,16.3,72.3,67.0,68.4,87.4,Pass
STU_1519,2.9,44.9,23.0,68.4,42.0,Fail
STU_0528,6.0,60.5,44.4,58.4,59.3,Fail
STU_0343,5.9,72.8,47.0,73.5,53.9,Fail
STU_1737,3.6,61.3,62.7,31.7,57.3,Fail
STU_0368,4.0,52.7,68.0,95.1,59.1,Fail
STU_0186,16.3,81.5,68.9,87.2,72.6,Pass
STU_1117,10.8,83.9,68.3,100.0,75.2,Pass
STU_1755,5.0,42.1,68.1,82.7,51.5,Fail
STU_1426,10.3,72.9,80.5,71.9,71.0,Pass
STU_0301,4.3,62.5,23.2,69.5,53.0,Fail
STU_1904,6.2,77.7,51.2,62.8,64.2,Pass
STU_0833,7.0,84.0,48.2,70.8,64.0,Pass
STU_0544,5.1,62.7,50.3,70.7,52.9,Fail
STU_1601,6.6,55.4,55.9,59.9,64.6,Pass
STU_0351,21.2,98.7,100.0,100.0,72.7,Pass
STU_1933,6.0,56.0,73.9,79.2,65.0,Pass
STU_1511,16.4,81.9,68.7,81.4,74.6,Pass
STU_0979,20.8,100.0,100.0,100.0,90.2,Pass
STU_0176,13.3,93.0,56.8,87.0,72.9,Pass
STU_0483,10.0,81.9,79.0,86.9,70.2,Pass
STU_1413,9.9,69.8,80.1,82.1,61.3,Pass
STU_1611,5.8,54.3,85.2,15.4,61.5,Pass
STU_0124,3.6,43.2,37.4,31.6,50.1,Fail
STU_0600,14.3,77.2,94.8,87.1,66.1,Pass
STU_1795,3.9,48.8,49.6,34.0,44.6,Fail
STU_1746,16.4,100.0,100.0,97.2,94.7,Pass
STU_1379,10.7,65.5,60.4,62.4,68.0,Pass
STU_1186,4.0,60.3,38.8,70.1,63.1,Pass
STU_0486,5.3,61.4,65.5,46.0,53.0,Fail
STU_0332,8.1,69.5,48.5,73.9,59.7,Fail
STU_0789,18.3,67.4,88.5,56.0,75.5,Pass
STU_0195,4.4,48.4,62.0,59.3,40.9,Fail
STU_0638,3.9,66.0,52.0,50.2,64.3,Pass
STU_0472,6.0,62.2,69.1,43.6,51.9,Fail
STU_1714,9.7,70.5,60.3,83.2,65.2,Pass
STU_0323,7.3,51.2,68.3,68.1,61.2,Pass
STU_1197,8.5,100.0,80.6,48.1,75.2,Pass
STU_0267,7.5,64.3,42.4,45.9,51.7,Fail
STU_1544,11.5,88.8,71.2,100.0,78.7,Pass
STU_1804,21.5,100.0,94.9,100.0,84.0,Pass
STU_0068,7.9,74.0,53.2,59.7,65.0,Pass
STU_1738,6.7,66.6,72.7,69.5,72.6,Pass
STU_1593,5.6,66.7,64.9,59.8,43.2,Fail
STU_1564,5.6,53.7,69.2,64.0,56.5,Fail
STU_0481,7.0,53.2,73.6,62.5,62.4,Pass
STU_1757,7.5,64.7,56.4,64.5,61.1,Pass
STU_1913,10.5,84.7,97.5,66.1,75.5,Pass
STU_1441,7.8,84.8,49.3,72.1,63.1,Pass
STU_1461,7.1,81.3,46.0,62.0,60.1,Pass
STU_0888,13.2,89.1,86.3,65.0,71.6,Pass
STU_0423,10.5,76.6,69.6,64.8,68.3,Pass
STU_1675,9.8,77.6,75.0,79.9,66.1,Pass
STU_1450,4.7,53.5,42.5,82.7,54.3,Fail
STU_0765,2.7,53.8,32.6,63.2,38.6,Fail
STU_0520,9.0,88.7,56.5,83.8,74.6,Pass
STU_1432,10.1,79.9,70.9,81.7,73.4,Pass
STU_0614,3.7,46.1,37.1,78.3,58.6,Fail
STU_1531,6.5,47.2,46.1,58.9,53.0,Fail
STU_1783,12.0,65.2,74.5,43.7,59.1,Fail
STU_1659,9.9,67.4,66.1,74.8,75.9,Pass
STU_0454,3.8,68.7,75.4,55.6,56.4,Fail
STU_0731,4.7,63.7,72.4,44.9,67.5,Pass
STU_0535,7.7,80.7,54.5,73.7,68.2,Pass
STU_0966,11.8,67.8,60.1,70.9,59.8,Fail
STU_1285,5.9,49.9,37.9,28.1,55.0,Fail
STU_1740,9.3,75.9,74.2,87.4,75.9,Pass
STU_0262,4.2,43.4,45.6,50.7,52.6,Fail
STU_0536,2.8,59.5,57.1,56.1,43.0,Fail
STU_0969,7.4,56.5,60.2,56.6,59.7,Fail
STU_0241,8.6,85.7,70.7,71.6,66.3,Pass
STU_0820,12.2,75.8,77.9,41.6,59.0,Fail
STU_0693,6.6,91.7,67.4,60.3,75.0,Pass
STU_0421,4.1,54.4,72.6,52.0,49.5,Fail
STU_1086,4.3,48.1,56.8,78.7,49.2,Fail
STU_1999,8.4,63.2,48.9,72.4,54.7,Fail
STU_0366,7.3,75.0,76.4,39.9,45.3,Fail
STU_1023,9.4,74.3,78.3,59.7,65.3,Pass
STU_1241,8.0,81.1,64.0,76.0,64.3,Pass
STU_0589,10.8,77.0,68.7,99.3,60.7,Pass
STU_0737,8.4,61.9,57.0,66.2,65.2,Pass
STU_1762,8.5,71.8,87.4,60.5,64.5,Pass
STU_0942,16.3,84.2,70.0,71.6,71.4,Pass
STU_0072,9.6,100.0,62.2,56.2,66.9,Pass
STU_1408,11.0,76.9,66.9,72.5,65.8,Pass
STU_0260,7.6,63.4,48.2,65.2,54.9,Fail
STU_0052,5.8,70.0,64.4,29.2,58.6,Fail
STU_0199,5.5,67.7,58.5,63.3,57.0,Fail
STU_1789,13.3,100.0,85.9,39.7,70.1,Pass
STU_0651,18.8,100.0,77.5,100.0,74.7,Pass
STU_0333,19.3,100.0,100.0,100.0,78.8,Pass
STU_1360,15.2,72.0,91.6,79.8,71.8,Pass
STU_0594,8.6,65.4,60.7,71.1,64.4,Pass
STU_1392,4.8,35.4,24.7,52.4,45.4,Fail
STU_1801,6.1,49.3,65.0,78.6,64.8,Pass
STU_1315,11.9,67.5,77.9,53.4,63.8,Pass
STU_1112,4.8,56.3,44.7,37.7,39.5,Fail
STU_1007,6.1,65.1,33.1,60.2,63.1,Pass
STU_1327,3.9,44.6,69.8,53.5,47.8,Fail
STU_0427,3.2,57.1,61.6,49.9,56.9,Fail
STU_1559,3.4,57.1,63.6,52.5,51.5,Fail
STU_1294,2.7,73.1,55.1,51.1,41.7,Fail
STU_0591,19.8,100.0,100.0,100.0,82.7,Pass
STU_1958,10.6,56.4,74.5,65.3,74.1,Pass
STU_1977,3.7,59.6,61.0,66.2,57.8,Fail
STU_1133,4.8,74.1,68.3,55.5,53.1,Fail
STU_0986,7.5,61.7,55.7,85.5,56.5,Fail
STU_0399,15.1,94.5,69.4,83.0,71.8,Pass
STU_1512,10.0,75.9,48.4,60.2,61.9,Pass
STU_0437,8.6,63.4,60.2,9.0,64.4,Pass
STU_0193,12.5,79.5,56.0,66.4,63.7,Pass
STU_1436,4.4,41.7,54.6,72.4,66.7,Pass
STU_0615,3.2,46.1,87.0,45.6,50.6,Fail
STU_1494,5.0,64.3,77.4,89.2,69.0,Pass
STU_0577,17.0,87.3,100.0,49.2,67.7,Pass
STU_0987,7.2,59.0,64.2,60.3,56.8,Fail
STU_1433,8.0,69.3,95.6,68.7,68.5,Pass
STU_0707,5.5,78.2,43.7,78.5,64.4,Pass
STU_1259,11.9,53.5,70.7,63.0,76.4,Pass
STU_0142,1.6,26.2,46.1,53.6,46.0,Fail
STU_1358,9.8,86.9,86.9,67.5,79.1,Pass
STU_0003,6.9,80.1,56.1,49.7,67.6,Pass
STU_1222,7.1,62.7,42.6,77.0,62.1,Pass
STU_1870,5.4,60.2,70.2,61.3,62.7,Pass
STU_1623,6.1,66.6,96.5,36.1,70.2,Pass
STU_0340,6.0,70.4,63.8,64.9,60.4,Pass
STU_1770,12.4,70.2,69.5,85.5,67.9,Pass
STU_1537,9.2,81.4,89.0,79.5,76.2,Pass
STU_0484,8.8,63.7,42.8,78.0,58.0,Fail
STU_0266,4.7,48.5,41.1,67.6,51.0,Fail
STU_0377,6.8,59.6,81.6,52.2,65.1,Pass
STU_0742,4.8,57.3,59.0,56.9,60.5,Pass
STU_1014,4.9,73.4,60.6,47.4,54.0,Fail
STU_0440,7.8,66.5,41.5,65.8,67.4,Pass
STU_0272,9.1,70.4,57.5,76.9,73.8,Pass
STU_0185,12.7,72.3,84.1,67.5,63.8,Pass
STU_0940,8.9,81.3,67.5,71.9,66.6,Pass
STU_0245,18.3,100.0,71.3,95.9,76.4,Pass
STU_0932,8.1,59.5,68.6,84.6,72.9,Pass
STU_0446,7.6,35.0,45.6,74.8,51.3,Fail
STU_0597,5.9,58.9,58.5,61.8,56.2,Fail
STU_0818,9.5,83.8,89.7,26.7,71.6,Pass
STU_1273,2.1,49.5,38.8,59.4,52.7,Fail
STU_1677,1.8,68.8,51.4,39.2,55.9,Fail
STU_0487,5.7,58.8,84.6,23.3,57.6,Fail
STU_0681,8.5,57.9,78.5,51.2,57.0,Fail
STU_0416,8.9,77.8,59.4,80.5,65.5,Pass
STU_0274,7.0,57.9,79.6,65.1,59.4,Fail
STU_1472,17.0,87.5,94.1,100.0,83.0,Pass
STU_1830,8.7,48.0,49.1,70.7,50.8,Fail
STU_1455,1.3,51.1,56.9,60.3,53.0,Fail
STU_0251,14.4,74.3,58.6,70.5,69.5,Pass
STU_0414,9.6,73.6,58.9,59.2,54.1,Fail
STU_1386,25.0,87.5,100.0,100.0,84.1,Pass
STU_1308,11.7,79.2,64.9,100.0,74.9,Pass
STU_0716,10.2,84.0,87.9,72.9,66.9,Pass
STU_0311,2.3,60.9,53.9,31.7,50.4,Fail
STU_0927,14.2,83.3,80.2,68.5,71.2,Pass
STU_0382,7.8,85.1,58.0,87.4,51.5,Fail
STU_1566,4.5,55.0,66.3,68.7,49.3,Fail
STU_0426,1.9,57.2,68.5,53.8,52.2,Fail
STU_1875,2.3,68.7,36.7,54.9,50.1,Fail
STU_0533,10.0,67.7,66.4,88.6,81.9,Pass
STU_0753,8.3,82.1,53.4,68.9,60.0,Pass
STU_0766,3.0,37.4,62.0,67.9,45.1,Fail
STU_1357,11.0,98.5,47.7,55.6,66.8,Pass
STU_0409,19.5,73.9,100.0,89.0,65.3,Pass
STU_1615,10.8,78.7,83.4,61.7,62.3,Pass
STU_0695,4.6,75.3,73.3,75.4,69.4,Pass
STU_1739,10.1,68.9,86.1,54.0,56.7,Fail
STU_0549,9.8,73.8,85.1,52.2,59.8,Fail
STU_0937,25.0,100.0,100.0,63.1,78.1,Pass
STU_1390,11.9,81.1,88.6,71.7,63.1,Pass
STU_1608,1.3,48.1,54.0,25.2,41.8,Fail
STU_1940,16.9,92.4,78.2,89.4,52.6,Fail
STU_1482,6.3,69.3,30.6,75.8,57.3,Fail
STU_0183,7.0,79.6,93.0,81.2,40.7,Fail
STU_1941,6.4,63.7,38.7,65.3,66.8,Pass
STU_1161,1.0,42.1,40.5,16.4,30.2,Fail
STU_0171,11.2,81.4,64.7,46.3,66.4,Pass
STU_0293,13.4,87.2,41.2,51.9,65.9,Pass
STU_0562,1.0,55.5,54.0,43.1,39.0,Fail
STU_1457,9.1,82.6,80.7,63.1,62.0,Pass
STU_1877,3.0,34.0,82.2,63.3,69.2,Pass
STU_1652,12.4,91.2,61.1,52.8,69.6,Pass
STU_0850,25.0,100.0,95.8,98.0,79.7,Pass
STU_0273,7.5,63.2,81.6,100.0,70.3,Pass
STU_1550,7.1,76.4,55.0,83.7,53.8,Fail
STU_1035,7.5,58.2,67.8,58.2,59.1,Fail
STU_1744,6.4,62.9,71.8,56.5,58.5,Fail
STU_0372,6.8,69.2,93.4,56.7,70.4,Pass
STU_1670,8.5,62.3,74.3,45.4,62.6,Pass
STU_0722,15.7,83.7,81.3,73.8,83.5,Pass
STU_0734,10.8,75.6,70.6,46.4,71.0,Pass
STU_0778,6.0,90.2,91.2,71.2,64.3,Pass
STU_0519,6.2,62.0,95.6,61.1,64.9,Pass
STU_0335,1.3,49.1,59.4,30.3,36.8,Fail
STU_0846,2.1,48.5,31.0,67.3,47.6,Fail
STU_1252,1.9,46.9,46.6,64.1,45.8,Fail
STU_1053,16.2,100.0,67.8,100.0,71.5,Pass
STU_1924,3.3,67.0,92.0,39.6,56.0,Fail
STU_0016,8.6,71.4,80.7,51.1,62.4,Pass
STU_0708,4.0,41.6,63.6,74.5,57.1,Fail
STU_0901,8.9,82.8,74.5,78.6,62.7,Pass
STU_1980,25.0,100.0,81.6,100.0,76.1,Pass
STU_1573,7.4,71.9,68.3,55.0,68.2,Pass
STU_0904,10.3,64.3,54.7,50.7,61.7,Pass
STU_0466,9.4,75.8,81.1,59.4,58.0,Fail
STU_1978,7.8,77.8,39.9,67.9,58.3,Fail
STU_0200,9.3,62.5,95.2,54.9,77.8,Pass
STU_1207,8.1,68.5,61.9,44.5,74.5,Pass
STU_1056,6.2,82.0,53.3,67.4,64.8,Pass
STU_1132,2.4,57.4,65.9,41.1,48.2,Fail
STU_1380,10.5,89.8,71.3,76.9,61.1,Pass
STU_0999,16.3,100.0,100.0,100.0,89.7,Pass
STU_0728,6.6,78.5,74.4,78.1,72.4,Pass
STU_1772,4.9,58.8,86.7,64.9,65.2,Pass
STU_1910,10.2,67.8,100.0,81.6,71.1,Pass
STU_1822,21.8,100.0,100.0,100.0,91.5,Pass
STU_0568,3.6,56.3,61.6,50.1,54.7,Fail
STU_0044,5.2,55.5,70.7,44.2,54.2,Fail
STU_0275,5.7,64.1,54.8,35.7,60.7,Pass
STU_1097,10.0,62.5,67.6,83.2,53.0,Fail
STU_0102,10.2,73.7,66.9,65.6,71.8,Pass
STU_1232,9.0,69.1,58.3,71.6,76.4,Pass
STU_1722,8.7,60.0,50.1,83.8,49.9,Fail
STU_1833,2.5,56.7,46.6,60.9,47.6,Fail
STU_0108,17.4,89.8,92.7,100.0,69.6,Pass
STU_1618,19.8,100.0,92.9,56.0,71.4,Pass
STU_0498,9.5,71.0,62.7,72.0,71.2,Pass
STU_1981,1.9,58.1,69.9,93.7,55.1,Fail
STU_0882,7.0,72.3,53.6,54.0,67.6,Pass
STU_0757,7.0,59.7,62.0,26.8,55.7,Fail
STU_0620,3.2,23.8,51.3,24.6,38.3,Fail
STU_1107,7.1,65.4,70.3,62.8,62.0,Pass
STU_1936,3.8,52.2,61.5,96.1,50.5,Fail
STU_0810,4.6,49.8,36.4,60.8,58.2,Fail
STU_1038,9.5,88.9,39.7,73.7,65.0,Pass
STU_0073,15.0,83.2,78.7,100.0,69.9,Pass
STU_1284,5.1,79.1,71.1,63.6,63.6,Pass
STU_1272,3.8,57.8,69.0,25.0,44.5,Fail
STU_1335,14.8,94.1,87.3,58.9,79.7,Pass
STU_1459,11.4,53.7,68.8,91.6,76.7,Pass
STU_0482,3.7,71.8,49.9,52.6,59.1,Fail
STU_1069,7.6,65.2,44.4,57.8,70.7,Pass
STU_0507,5.7,79.0,63.1,63.7,63.5,Pass
STU_1238,4.2,63.3,48.0,34.3,53.0,Fail
STU_1862,12.0,63.1,67.2,83.9,54.2,Fail
STU_1990,14.5,88.6,78.9,90.9,78.1,Pass
STU_1477,14.5,95.1,83.9,86.4,81.7,Pass
STU_1867,18.6,100.0,72.6,98.9,86.3,Pass
STU_1456,5.4,53.7,34.9,26.7,51.7,Fail
STU_0312,5.2,67.6,75.9,52.2,68.3,Pass
STU_0963,8.9,89.0,69.1,45.1,64.1,Pass
STU_0406,2.5,65.4,62.2,73.0,43.5,Fail
STU_1331,5.7,80.3,88.5,32.2,53.8,Fail
STU_1650,0.5,65.6,54.9,23.5,47.1,Fail
STU_0310,11.6,87.4,90.1,70.6,71.4,Pass
STU_0227,21.2,87.7,54.7,89.4,75.2,Pass
STU_1858,18.6,93.8,100.0,52.8,84.3,Pass
STU_0711,9.2,61.2,60.5,62.8,63.4,Pass
STU_1944,11.7,70.3,80.9,93.2,47.9,Fail
STU_1384,8.2,69.5,64.4,92.3,67.1,Pass
STU_1786,10.3,74.9,41.1,75.3,62.0,Pass
STU_0149,5.2,57.5,66.7,100.0,61.1,Pass
STU_1555,6.8,79.4,64.7,69.2,56.3,Fail
STU_1957,10.3,71.4,85.2,94.4,47.5,Fail
STU_0926,5.2,51.9,52.6,67.7,51.4,Fail
STU_0943,7.4,70.6,72.7,48.8,69.4,Pass
STU_0837,15.4,77.7,71.1,88.5,65.0,Pass
STU_0576,11.1,55.8,45.4,68.0,52.0,Fail
STU_0558,5.1,31.2,50.6,55.9,58.4,Fail
STU_1236,20.5,100.0,100.0,76.1,84.1,Pass
STU_1361,2.6,51.9,46.9,61.1,79.9,Pass
STU_1348,8.3,77.4,73.8,65.9,54.6,Fail
STU_1162,7.4,69.6,61.0,58.8,58.3,Fail
STU_1443,3.7,44.4,32.9,55.7,47.3,Fail
STU_0287,19.4,89.7,100.0,100.0,79.5,Pass
STU_1605,5.5,70.3,59.2,72.8,56.4,Fail
STU_1058,12.5,100.0,100.0,40.2,80.7,Pass
STU_0599,9.2,100.0,77.7,80.8,66.8,Pass
STU_0933,17.1,86.9,78.6,76.9,71.4,Pass
STU_1462,13.2,80.9,58.7,90.7,78.3,Pass
STU_1638,13.7,71.2,58.4,77.3,47.3,Fail
STU_1588,9.5,95.5,76.9,64.0,76.7,Pass
STU_1041,7.4,81.6,56.7,77.5,69.5,Pass
STU_1231,10.5,83.7,71.4,79.5,64.2,Pass
STU_0807,18.1,100.0,74.0,69.0,75.8,Pass
STU_0905,13.3,76.2,89.7,72.0,60.9,Pass
STU_1680,21.3,96.6,93.9,53.8,83.9,Pass
STU_1205,7.5,67.4,77.0,65.5,70.0,Pass
STU_0768,11.0,86.0,69.1,89.0,85.1,Pass
STU_0610,15.2,69.3,70.7,100.0,76.2,Pass
STU_1993,3.3,80.9,75.8,86.0,61.2,Pass
STU_1565,7.8,75.8,52.3,83.8,53.6,Fail
STU_1423,5.0,81.7,65.6,68.5,72.4,Pass
STU_1011,8.4,76.1,40.1,47.5,64.1,Pass
STU_0494,18.2,87.2,90.7,100.0,71.1,Pass
STU_1321,14.4,89.2,66.4,87.5,71.9,Pass
STU_0278,16.7,83.1,73.6,61.8,66.1,Pass
STU_1847,8.0,78.3,59.4,94.2,52.1,Fail
STU_0359,10.5,82.8,62.4,90.9,59.0,Fail
STU_1111,6.2,67.1,44.4,60.6,54.5,Fail
STU_0237,8.0,62.0,54.8,81.8,55.8,Fail
STU_0552,16.4,91.1,97.6,86.8,74.5,Pass
STU_1868,5.7,81.1,46.7,50.1,62.5,Pass
STU_1813,11.3,64.1,60.6,82.6,59.7,Fail
STU_0209,7.2,66.1,100.0,39.7,55.5,Fail
STU_1387,9.6,56.3,85.9,80.8,64.8,Pass
STU_1561,4.8,70.9,79.8,51.4,77.3,Pass
STU_0059,9.5,77.0,59.6,34.8,69.0,Pass
STU_0632,7.6,47.4,81.4,38.1,61.0,Pass
STU_1962,0.9,68.3,77.1,17.7,46.4,Fail
STU_1860,3.0,78.7,50.0,49.0,55.2,Fail
STU_1817,4.4,50.8,44.0,68.9,51.3,Fail
STU_0364,8.3,60.7,64.4,82.3,53.3,Fail
STU_0506,25.0,100.0,86.9,85.7,74.1,Pass
STU_1166,9.0,67.6,71.8,59.9,58.5,Fail
STU_1122,9.8,74.2,64.5,52.9,64.0,Pass
STU_1630,16.2,84.4,100.0,84.2,80.0,Pass
STU_1217,13.9,81.5,64.3,82.8,70.5,Pass
STU_1152,8.8,80.4,52.5,41.1,58.0,Fail
STU_1125,4.9,67.1,80.4,39.3,50.8,Fail
STU_1595,9.1,70.4,77.9,63.3,67.5,Pass
STU_0119,9.1,66.4,80.9,95.0,71.8,Pass
STU_1250,5.2,53.9,30.9,35.0,44.4,Fail
STU_1994,9.5,86.0,80.0,44.2,65.2,Pass
STU_0523,24.0,100.0,100.0,75.6,79.2,Pass
STU_0514,16.9,82.8,86.2,68.0,70.1,Pass
STU_0082,18.2,99.7,100.0,83.6,50.6,Fail
STU_0916,13.2,87.8,56.3,70.5,65.0,Pass
STU_1019,14.5,82.1,66.3,51.0,71.3,Pass
STU_0381,7.3,92.5,72.1,59.8,68.2,Pass
STU_1030,5.0,28.4,88.7,68.9,55.9,Fail
STU_1689,15.4,70.9,62.6,69.0,75.5,Pass
STU_0085,12.7,68.0,63.4,78.2,55.7,Fail
STU_1678,4.5,51.4,45.9,70.0,64.8,Pass
STU_0330,1.6,60.6,23.9,46.4,45.5,Fail
STU_0007,5.9,79.9,79.5,89.5,66.5,Pass
STU_0746,12.7,84.2,71.2,87.0,72.7,Pass
STU_1554,2.6,62.8,60.0,53.2,64.2,Pass
STU_0915,2.5,37.3,56.7,87.4,51.0,Fail
STU_0874,5.7,86.4,44.1,24.9,61.2,Pass
STU_0452,10.3,67.5,80.9,100.0,74.1,Pass
STU_0491,5.5,59.1,38.8,66.8,63.5,Pass
STU_1481,5.2,62.8,82.9,87.2,65.6,Pass
STU_0288,13.1,97.2,63.5,70.0,64.8,Pass
STU_0949,4.3,63.3,42.9,70.5,63.3,Pass
STU_1986,4.8,57.6,79.6,9.7,50.5,Fail
STU_1369,20.0,97.6,92.1,65.8,64.0,Pass
STU_1147,5.1,66.1,68.2,32.3,50.0,Fail
STU_0706,18.9,94.8,94.8,100.0,84.9,Pass
STU_1727,7.5,61.0,46.0,61.3,59.8,Fail
STU_1702,9.1,83.8,68.8,84.8,79.2,Pass
STU_1629,8.5,74.7,57.6,88.4,72.0,Pass
STU_1600,10.2,78.0,100.0,76.7,78.2,Pass
STU_1539,20.0,96.8,91.0,97.0,78.6,Pass
STU_1406,15.8,96.2,98.9,47.6,63.3,Pass
STU_1651,15.5,90.9,67.5,64.0,74.7,Pass
STU_0328,13.1,81.6,62.4,74.4,70.9,Pass
STU_0443,5.5,74.2,36.6,54.8,62.4,Pass
STU_0775,11.2,81.3,64.6,47.7,68.7,Pass
STU_1088,21.9,93.3,100.0,100.0,79.7,Pass
STU_1221,8.9,89.5,63.9,77.9,62.9,Pass
STU_1636,6.0,53.8,100.0,32.9,50.2,Fail
STU_0178,4.6,61.7,52.7,58.7,56.7,Fail
STU_1323,15.5,82.6,48.7,62.4,35.5,Fail
STU_0705,11.1,60.0,76.6,83.4,39.3,Fail
STU_0087,2.4,55.3,32.9,40.2,41.4,Fail
STU_1884,6.7,71.3,58.2,92.0,54.1,Fail
STU_1948,21.7,100.0,78.0,81.2,88.4,Pass
STU_0458,13.5,78.9,69.9,89.0,48.0,Fail
STU_1829,15.2,83.4,91.6,100.0,67.1,Pass
STU_0055,8.5,59.3,21.7,56.9,62.5,Pass
STU_1502,9.8,65.8,80.4,57.1,80.1,Pass
STU_0644,7.7,85.6,61.3,33.6,58.2,Fail
STU_0678,2.5,62.2,55.9,52.7,54.3,Fail
STU_0222,24.2,100.0,95.2,58.7,81.3,Pass
STU_0114,12.0,97.5,73.0,54.7,75.1,Pass
STU_0983,3.8,52.4,52.8,44.1,37.8,Fail
STU_1229,11.2,94.0,44.9,68.3,67.8,Pass
STU_1000,8.4,82.0,63.5,28.9,64.5,Pass
STU_0175,12.9,72.6,59.4,54.6,58.8,Fail
STU_0782,5.1,65.6,52.7,64.8,68.8,Pass
STU_0590,5.5,67.4,41.9,88.9,57.9,Fail
STU_1560,3.9,57.2,15.8,49.1,53.6,Fail
STU_0019,7.9,60.5,44.3,48.0,39.6,Fail
STU_0424,9.3,56.4,71.9,73.5,70.0,Pass
STU_1344,4.3,34.3,65.6,58.7,58.2,Fail
STU_0286,3.8,41.7,39.4,39.5,50.9,Fail
STU_1584,18.4,80.6,81.4,83.0,79.9,Pass
STU_0429,4.9,56.6,90.1,46.0,55.5,Fail
STU_1510,11.5,65.2,69.4,47.9,46.9,Fail
STU_1319,5.9,58.7,41.9,74.1,51.9,Fail
STU_0670,11.1,94.8,54.0,77.1,72.2,Pass
STU_0032,6.3,76.4,60.4,70.6,62.3,Pass
STU_0941,16.3,90.2,83.3,98.5,84.7,Pass
STU_0723,3.8,59.9,53.0,41.6,70.2,Pass
STU_0995,11.8,79.4,69.1,43.1,62.8,Pass
STU_0215,10.1,60.7,61.2,53.2,70.5,Pass
STU_0814,6.7,79.7,51.8,85.6,65.5,Pass
STU_0327,6.1,47.3,54.6,53.8,53.3,Fail
STU_0561,6.0,58.8,37.4,65.8,45.3,Fail
STU_1113,10.2,63.5,85.7,96.5,64.4,Pass
STU_0701,5.6,82.0,84.1,51.8,59.2,Fail
STU_1579,12.9,76.2,100.0,50.9,66.2,Pass
STU_1190,12.5,95.7,81.7,95.8,78.2,Pass
STU_0342,8.4,73.0,72.0,39.6,61.5,Pass
STU_0630,7.8,63.8,45.7,27.5,41.9,Fail
STU_0148,5.9,63.3,55.9,31.3,54.2,Fail
STU_1310,12.9,68.9,56.7,78.1,61.5,Pass
STU_0361,5.7,61.0,34.5,78.5,51.8,Fail
STU_0084,6.5,76.8,63.9,27.7,61.2,Pass
STU_0049,7.0,63.4,93.3,43.3,61.4,Pass
STU_0469,14.4,100.0,82.1,80.1,68.7,Pass
STU_0156,10.4,78.0,48.4,80.7,39.4,Fail
STU_0773,10.1,78.9,83.4,81.4,75.8,Pass
STU_1240,6.6,76.0,63.0,70.0,57.9,Fail
STU_1201,8.9,47.1,46.6,76.2,45.1,Fail
STU_1403,6.5,41.0,66.6,88.5,56.4,Fail
STU_1203,2.4,52.9,51.0,16.9,72.9,Pass
STU_1631,7.1,61.5,45.3,46.8,59.0,Fail
STU_0501,4.7,75.4,63.7,69.0,68.9,Pass
STU_1765,3.6,60.9,48.0,39.5,63.0,Pass
STU_0180,7.9,85.4,65.8,36.1,59.1,Fail
STU_1048,13.4,48.5,65.5,49.9,61.0,Pass
STU_1756,5.0,55.7,43.7,67.2,53.8,Fail
STU_0951,18.0,92.4,78.5,89.1,62.2,Pass
STU_1317,1.4,61.3,46.2,46.8,40.1,Fail
STU_1620,6.1,59.2,82.2,28.1,55.0,Fail
STU_0529,9.0,69.6,78.9,48.6,66.4,Pass
STU_0347,4.1,61.0,81.6,55.1,56.5,Fail
STU_1388,12.1,63.7,71.7,54.3,68.5,Pass
STU_1961,10.7,70.9,81.0,58.3,81.7,Pass
STU_1051,7.4,44.2,53.9,70.5,56.2,Fail
STU_1973,9.7,61.8,43.8,61.3,60.6,Pass
STU_1442,25.0,100.0,100.0,82.3,44.8,Fail
STU_0602,7.8,68.8,83.6,82.0,72.6,Pass
STU_1282,3.6,52.7,34.5,32.1,46.3,Fail
STU_0244,16.0,83.7,79.6,92.5,67.2,Pass
STU_1337,6.1,70.7,31.2,42.6,56.9,Fail
STU_1068,8.0,95.9,96.1,47.4,83.2,Pass
STU_1476,19.6,82.8,89.4,70.1,84.1,Pass
STU_0313,8.2,63.9,63.4,38.2,66.4,Pass
STU_0436,5.5,73.1,56.7,44.9,62.9,Pass
STU_1899,7.5,70.4,82.5,61.8,54.3,Fail
STU_1329,5.3,76.0,44.6,93.8,60.9,Pass
STU_0309,8.2,87.3,44.4,91.8,61.9,Pass
STU_0431,2.9,51.0,50.7,93.6,52.2,Fail
STU_0661,5.3,69.1,34.4,100.0,64.4,Pass
STU_0371,3.2,71.4,49.8,60.0,54.5,Fail
STU_0567,8.0,81.8,77.5,83.5,70.7,Pass
STU_0980,7.9,55.0,59.6,73.0,61.5,Pass
STU_0182,11.0,70.8,46.1,91.0,51.4,Fail
STU_1363,14.9,90.1,60.3,82.4,70.4,Pass
STU_0622,6.1,51.7,48.8,66.5,47.7,Fail
STU_0819,10.7,75.3,69.2,100.0,72.7,Pass
STU_1193,12.0,83.5,92.2,59.9,44.3,Fail
STU_0953,7.9,57.2,67.0,57.9,49.3,Fail
STU_1422,13.4,81.8,98.0,95.6,72.8,Pass
STU_1841,4.2,51.3,58.3,21.8,48.6,Fail
STU_0923,14.5,72.1,100.0,75.5,64.1,Pass
STU_1074,6.5,62.8,51.6,37.1,56.9,Fail
STU_0297,5.8,63.8,37.9,64.0,58.8,Fail
STU_0967,21.4,100.0,89.3,100.0,83.9,Pass
STU_0462,15.9,94.4,69.8,81.6,73.9,Pass
STU_1303,5.6,54.0,73.3,54.4,61.7,Pass
STU_1177,11.8,67.5,39.4,69.6,70.5,Pass
STU_0378,25.0,100.0,100.0,86.2,49.5,Fail
STU_0799,12.1,71.9,72.1,100.0,61.9,Pass
STU_1103,14.4,84.9,85.7,85.9,69.2,Pass
STU_0106,9.8,87.2,55.0,67.3,62.9,Pass
STU_0127,10.8,89.1,78.7,95.3,76.7,Pass
STU_1996,3.8,64.3,77.0,63.3,65.7,Pass
STU_0839,4.7,66.0,46.2,75.0,53.8,Fail
STU_0356,8.5,42.7,38.6,71.0,66.3,Pass
STU_1617,1.5,82.4,28.9,37.0,58.2,Fail
STU_0683,2.5,54.6,47.2,28.7,37.4,Fail
STU_0813,7.0,73.3,68.5,68.4,65.5,Pass
STU_1681,10.6,60.5,71.0,100.0,70.9,Pass
STU_0210,7.9,72.3,61.2,59.8,60.8,Pass
STU_1493,3.4,46.5,58.1,53.7,59.5,Fail
STU_0141,5.2,48.6,58.7,65.4,50.7,Fail
STU_1975,16.8,84.5,97.5,90.7,62.8,Pass
STU_1340,7.8,72.3,47.9,59.9,59.2,Fail
STU_1798,4.1,60.5,61.1,65.0,55.9,Fail
STU_1575,20.8,100.0,100.0,100.0,36.5,Fail
STU_1182,19.0,100.0,79.8,99.6,89.0,Pass
STU_1394,13.0,93.1,97.0,100.0,77.9,Pass
STU_1816,8.7,73.0,63.9,63.1,54.8,Fail
STU_0712,2.5,46.8,42.8,73.0,53.9,Fail
STU_1794,5.7,56.8,64.7,41.1,77.2,Pass
STU_0893,12.6,67.1,83.1,66.1,71.9,Pass
STU_0860,7.1,68.9,56.2,100.0,53.2,Fail
STU_0011,4.0,64.0,58.5,76.6,57.5,Fail
STU_1695,1.0,64.7,80.9,39.0,48.6,Fail
STU_1428,5.5,57.7,64.7,42.6,51.1,Fail
STU_0283,4.8,45.4,46.0,85.2,61.0,Pass
STU_0811,3.9,72.7,71.1,71.7,52.9,Fail
STU_1342,4.3,59.0,40.4,60.8,43.1,Fail
STU_0292,7.1,65.4,67.4,70.7,67.6,Pass
STU_0755,3.4,81.9,56.3,100.0,54.7,Fail
STU_0627,14.2,86.0,65.0,67.5,64.9,Pass
STU_0944,16.2,100.0,91.0,55.3,70.3,Pass
STU_0862,7.4,86.5,71.4,72.5,64.7,Pass
STU_0130,13.6,100.0,75.6,98.7,67.3,Pass
STU_1176,3.6,63.7,81.1,68.5,66.7,Pass
STU_0324,9.8,77.0,67.8,79.1,66.2,Pass
STU_1091,9.3,83.6,59.5,76.6,67.7,Pass
STU_0844,6.2,38.7,17.7,57.5,60.1,Pass
STU_0964,11.5,88.9,91.4,59.6,57.7,Fail
STU_1865,15.7,100.0,67.2,69.2,59.6,Fail
STU_0866,4.2,64.0,47.8,47.7,57.5,Fail
STU_0922,21.1,100.0,100.0,99.4,78.3,Pass
STU_0696,23.8,100.0,100.0,39.7,82.1,Pass
STU_0216,9.1,74.8,95.0,71.2,61.5,Pass
STU_1781,25.0,100.0,80.7,100.0,73.5,Pass
STU_1262,4.4,66.6,42.9,71.6,48.1,Fail
STU_0159,4.0,33.8,46.4,80.5,51.5,Fail
STU_1059,16.3,74.0,88.7,38.7,83.5,Pass
STU_0989,15.1,73.7,69.2,76.9,74.4,Pass
STU_0842,6.0,59.3,52.8,51.6,48.8,Fail
STU_0635,23.2,100.0,95.5,100.0,75.4,Pass
STU_0517,8.7,71.1,53.0,45.8,57.8,Fail
STU_1429,14.1,60.0,73.9,42.8,56.1,Fail
STU_1748,7.8,63.6,68.1,61.0,61.4,Pass
STU_0598,18.5,100.0,77.0,60.8,97.1,Pass
STU_0196,13.8,70.4,100.0,100.0,73.2,Pass
STU_1784,1.9,41.2,50.4,51.8,34.2,Fail
STU_0870,2.1,39.2,64.6,53.3,59.7,Fail
STU_0411,10.1,95.0,79.5,100.0,75.2,Pass
STU_0097,21.1,100.0,84.5,100.0,80.7,Pass
STU_1001,2.4,50.6,38.8,42.1,42.2,Fail
STU_1506,4.0,80.4,77.1,83.7,59.0,Fail
STU_0157,12.4,69.1,46.2,78.9,70.6,Pass
STU_0420,9.0,64.9,42.2,93.3,57.8,Fail
STU_1803,3.8,51.1,73.8,54.7,49.1,Fail
STU_0478,7.8,62.0,59.3,65.8,60.6,Pass
STU_1856,3.8,52.9,66.5,58.4,57.6,Fail
STU_0669,16.9,82.2,100.0,100.0,83.6,Pass
STU_1418,4.3,45.4,66.1,36.0,47.1,Fail
STU_1872,10.5,73.7,49.7,65.9,61.1,Pass
STU_1300,20.4,100.0,100.0,85.3,76.2,Pass
STU_0448,10.0,86.5,72.0,100.0,65.3,Pass
STU_0554,12.0,99.7,75.9,61.7,71.0,Pass
STU_0179,5.6,52.2,67.2,100.0,63.8,Pass
STU_0391,16.0,96.8,86.9,82.1,72.5,Pass
STU_0579,8.3,67.2,82.0,96.9,71.6,Pass
STU_1478,3.9,57.4,41.6,51.2,56.7,Fail
STU_1707,19.9,100.0,92.6,100.0,41.6,Fail
STU_1288,17.2,80.8,69.6,74.5,56.1,Fail
STU_1645,11.6,66.2,74.4,71.5,68.5,Pass
STU_1024,10.8,52.7,81.7,77.9,76.7,Pass
STU_0821,8.9,78.8,61.3,56.5,66.1,Pass
STU_1825,13.1,73.7,71.3,83.6,73.1,Pass
STU_0985,19.6,100.0,100.0,93.9,76.0,Pass
STU_1339,9.8,69.1,68.3,43.7,63.9,Pass
STU_0665,13.8,87.1,100.0,42.4,83.9,Pass
STU_0143,8.9,82.7,66.3,96.1,57.7,Fail
STU_1517,18.4,100.0,97.6,66.7,82.6,Pass
STU_1430,23.2,100.0,84.0,78.6,79.4,Pass
STU_0865,6.9,81.1,48.2,49.2,67.0,Pass
STU_0422,14.2,93.0,66.9,96.0,75.8,Pass
STU_0637,14.7,70.4,84.9,92.2,75.3,Pass
STU_1407,10.6,68.6,59.9,68.8,62.2,Pass
STU_0800,13.9,67.7,53.9,80.7,58.2,Fail
STU_1404,5.4,71.6,74.8,77.7,63.8,Pass
STU_0616,15.1,76.2,100.0,62.4,74.3,Pass
STU_0295,11.1,55.6,78.4,91.4,58.5,Fail
STU_0924,8.3,83.5,80.8,78.1,68.6,Pass
STU_1269,6.1,75.7,64.6,67.0,66.3,Pass
STU_1903,5.1,57.9,53.9,63.4,69.3,Pass
STU_0089,9.3,74.2,70.6,64.1,59.8,Fail
STU_0042,16.7,84.0,88.1,87.2,92.1,Pass
STU_1802,1.6,27.9,59.6,65.3,40.8,Fail
STU_1934,7.0,59.5,37.7,98.3,41.0,Fail
STU_0132,4.8,60.7,29.1,37.2,54.8,Fail
STU_1002,7.2,55.0,65.2,58.6,58.7,Fail
STU_1158,9.0,69.0,52.7,54.3,60.3,Pass
STU_1095,11.4,96.3,85.8,43.4,72.3,Pass
STU_1855,10.6,66.2,70.3,51.3,60.8,Pass
STU_1345,7.6,87.4,70.5,67.3,64.0,Pass
STU_1499,2.5,56.1,55.0,92.2,59.7,Fail
STU_0165,10.5,91.2,93.4,86.3,64.2,Pass
STU_0725,15.5,94.8,63.6,84.0,66.8,Pass
STU_0291,3.9,41.4,41.0,45.4,43.9,Fail
STU_1209,3.3,64.0,78.6,48.3,42.6,Fail
STU_1589,2.6,41.0,68.7,76.5,52.1,Fail
STU_1897,6.2,36.8,51.6,31.8,44.9,Fail
STU_1642,6.9,78.8,74.2,65.2,66.7,Pass
STU_1362,10.8,82.2,82.3,81.1,82.2,Pass
STU_0779,4.4,54.7,52.4,68.4,48.5,Fail
STU_0840,11.6,68.9,93.8,54.4,65.3,Pass
STU_0349,4.3,75.7,77.5,20.6,62.1,Pass
STU_1945,6.5,82.0,65.3,37.1,64.7,Pass
STU_0572,5.1,63.8,35.3,46.6,60.1,Pass
STU_0918,9.6,78.4,65.1,63.2,73.6,Pass
STU_0977,14.6,96.0,80.3,36.0,78.0,Pass
STU_1914,16.6,97.8,86.3,100.0,81.0,Pass
STU_1469,17.5,100.0,82.4,79.9,71.0,Pass
STU_1592,5.4,63.6,48.4,52.5,57.5,Fail
STU_1318,14.7,97.8,85.4,65.0,58.6,Fail
STU_1845,14.4,87.3,85.9,72.0,63.3,Pass
STU_0137,14.6,79.1,71.4,100.0,73.9,Pass
STU_0459,5.7,72.7,61.3,51.0,64.0,Pass
STU_0376,14.9,96.4,60.6,92.1,68.1,Pass
STU_1343,1.9,68.0,41.9,49.5,72.6,Pass
STU_0334,12.8,84.7,78.1,95.4,74.8,Pass
STU_1160,7.5,55.7,69.6,58.0,51.6,Fail
STU_1761,3.3,34.4,37.7,65.1,46.2,Fail
STU_1458,1.9,67.5,45.2,29.2,58.4,Fail
STU_0817,7.2,66.5,70.8,88.1,52.5,Fail
STU_1115,13.0,90.5,43.7,49.4,59.6,Fail
STU_1006,3.1,31.7,41.0,55.9,62.0,Pass
STU_1857,12.8,91.1,50.0,100.0,76.4,Pass
STU_1955,15.6,100.0,95.0,94.5,46.3,Fail
STU_1851,4.1,64.3,34.3,73.7,59.7,Fail
STU_0911,4.7,35.7,52.8,24.3,53.5,Fail
STU_1930,21.4,100.0,89.7,100.0,82.5,Pass
STU_1126,4.7,66.1,62.7,54.1,51.0,Fail
STU_0329,6.5,65.2,73.5,57.6,70.3,Pass
STU_1248,12.2,81.7,56.6,72.8,61.6,Pass
STU_0319,7.0,83.5,62.6,67.1,69.3,Pass
STU_1690,5.9,49.7,57.1,67.0,55.1,Fail
STU_1359,14.3,76.9,49.7,72.1,66.6,Pass
STU_1733,19.1,100.0,98.9,77.6,78.0,Pass
STU_0168,18.6,72.8,68.7,83.8,81.0,Pass
STU_0013,17.5,84.0,81.3,79.1,55.2,Fail
STU_1927,8.1,84.6,49.6,71.0,64.2,Pass
STU_0172,9.5,73.4,80.8,44.6,62.7,Pass
STU_0650,9.7,70.1,68.8,50.2,59.1,Fail
STU_1062,4.7,58.9,60.2,38.8,52.2,Fail
STU_0261,9.9,73.0,55.0,57.0,49.4,Fail
STU_1367,7.4,72.4,49.2,59.7,60.7,Pass
STU_1549,5.7,70.1,51.0,58.5,51.6,Fail
STU_0902,6.3,65.8,81.1,49.4,60.7,Pass
STU_0673,4.8,74.1,81.1,51.8,53.2,Fail
STU_0259,1.5,67.0,96.7,39.3,59.4,Fail
STU_0845,2.9,59.9,31.9,45.0,43.7,Fail
STU_0868,18.2,98.9,72.5,97.3,72.5,Pass
STU_1800,15.8,71.4,83.9,100.0,54.2,Fail
STU_0139,11.8,85.5,41.0,49.8,66.0,Pass
STU_0894,3.3,61.7,24.8,56.8,73.3,Pass
STU_1838,16.0,97.9,91.6,81.2,78.7,Pass
STU_0550,10.5,80.2,62.3,81.2,51.0,Fail
STU_0320,10.0,58.0,23.1,61.9,60.9,Pass
STU_1527,4.9,60.6,73.8,59.9,68.3,Pass
STU_1806,3.3,60.0,49.8,56.6,36.5,Fail
STU_1178,3.8,62.5,62.4,50.0,62.0,Pass
STU_0559,6.0,69.7,62.2,73.7,59.3,Fail
STU_0140,8.2,83.4,63.9,38.3,61.3,Pass
STU_1735,3.2,71.0,49.6,60.0,60.7,Pass
STU_0532,5.6,51.4,52.6,59.7,45.9,Fail
STU_0225,5.7,53.9,61.6,62.8,57.5,Fail
STU_0724,6.5,45.4,76.8,100.0,60.1,Pass
STU_0787,5.4,75.4,58.4,58.8,56.8,Fail
STU_1718,19.0,100.0,43.4,100.0,69.3,Pass
STU_1008,5.1,64.6,78.7,56.8,58.8,Fail
STU_0410,5.6,60.2,40.9,45.6,53.7,Fail
STU_0326,10.1,65.1,74.0,77.7,66.4,Pass
STU_1766,2.1,69.2,71.9,59.5,65.2,Pass
STU_0300,6.9,65.3,49.7,33.4,53.1,Fail
STU_1263,3.1,26.2,32.7,86.4,76.6,Pass
STU_1946,7.0,70.0,56.5,53.2,56.6,Fail
STU_0026,8.9,76.9,68.9,60.5,51.5,Fail
STU_1859,11.2,61.7,81.0,54.7,65.2,Pass
STU_0715,19.3,86.6,100.0,71.4,91.0,Pass
STU_1010,7.6,84.5,57.2,85.4,72.9,Pass
STU_0194,7.9,65.9,53.9,83.1,64.7,Pass
STU_0441,20.2,100.0,61.9,58.0,41.6,Fail
STU_0574,6.7,72.5,76.0,79.6,66.2,Pass
STU_0947,11.0,86.4,62.5,94.6,58.7,Fail
STU_0998,18.8,100.0,90.4,95.2,73.3,Pass
STU_0504,5.7,81.4,63.9,78.6,52.3,Fail
STU_0606,16.8,63.0,94.1,79.5,74.2,Pass
STU_1717,9.0,69.5,73.5,84.8,53.4,Fail
STU_1164,15.7,86.2,69.7,88.6,86.8,Pass
STU_1787,4.2,65.6,64.4,44.6,50.1,Fail
STU_0847,2.6,49.9,54.2,49.7,47.5,Fail
STU_0004,6.9,74.5,59.8,75.2,56.3,Fail
STU_1287,5.4,56.2,38.0,68.2,70.7,Pass
STU_1223,6.4,75.0,69.3,66.2,64.6,Pass
STU_0468,8.4,73.5,88.7,74.8,70.2,Pass
STU_0322,8.4,62.2,51.0,79.2,67.7,Pass
STU_0006,12.4,63.2,77.5,69.3,77.0,Pass
STU_0223,4.7,49.7,72.4,68.3,50.3,Fail
STU_1375,7.7,67.7,71.5,69.3,55.4,Fail
STU_0548,17.4,88.7,67.4,79.5,72.1,Pass
STU_0229,10.7,72.1,57.8,59.2,67.6,Pass
STU_0040,7.1,77.0,78.7,73.8,74.8,Pass
STU_0543,7.5,65.9,68.0,59.3,70.7,Pass
STU_0243,2.6,54.1,49.2,51.9,42.3,Fail
STU_0899,4.0,65.0,53.5,66.3,55.7,Fail
STU_1134,12.8,88.2,92.5,78.2,62.6,Pass
STU_1449,7.0,93.8,43.2,67.4,70.3,Pass
STU_1869,6.4,58.6,46.7,75.8,63.8,Pass
STU_0843,19.8,78.1,77.9,70.3,75.6,Pass
STU_1419,6.1,77.9,86.8,59.9,58.7,Fail
STU_1654,20.0,89.8,82.8,84.6,78.8,Pass
STU_1970,3.3,70.9,56.4,71.7,43.6,Fail
STU_0662,3.1,57.1,69.3,68.7,53.9,Fail
STU_1211,16.1,65.6,74.5,99.6,61.7,Pass
STU_0315,5.5,83.8,60.2,70.3,47.6,Fail
STU_0692,5.1,67.0,60.0,81.1,60.7,Pass
STU_1504,12.3,72.3,98.2,65.9,72.2,Pass
STU_0425,13.8,72.8,78.8,72.5,59.9,Fail
STU_0595,6.8,56.9,34.8,62.0,58.4,Fail
STU_1964,18.9,100.0,100.0,86.7,80.1,Pass
STU_0623,6.4,63.0,75.7,73.4,54.6,Fail
STU_1171,5.6,56.0,89.4,63.1,64.7,Pass
STU_1044,3.9,53.4,62.0,52.1,53.6,Fail
STU_0228,4.4,39.4,64.0,59.0,56.2,Fail
STU_1118,12.1,78.7,56.1,84.5,67.6,Pass
STU_1332,2.2,71.0,54.2,71.7,48.2,Fail
STU_1316,10.2,71.1,62.1,71.8,69.3,Pass
STU_0067,1.8,56.3,38.5,74.0,42.2,Fail
STU_0025,12.2,78.3,89.3,58.1,68.7,Pass
STU_0145,7.5,44.4,75.4,54.2,67.9,Pass
STU_0537,1.3,57.0,73.9,47.9,51.7,Fail
STU_0812,1.7,65.6,31.4,54.8,36.3,Fail
STU_1467,11.7,64.8,73.0,39.0,63.6,Pass
STU_0086,3.4,68.2,98.6,53.0,60.1,Pass
STU_1661,1.8,64.4,24.2,79.4,60.1,Pass
STU_1646,7.1,64.7,73.4,61.0,66.8,Pass
STU_1805,14.0,86.3,58.6,72.5,73.6,Pass
STU_1818,5.0,62.6,83.4,92.5,65.7,Pass
STU_1577,10.1,84.8,59.7,87.2,75.6,Pass
STU_1145,10.1,62.6,69.8,72.9,55.5,Fail
STU_0363,7.4,74.7,66.6,39.6,70.4,Pass
STU_1612,5.7,75.3,39.4,54.3,59.4,Fail
STU_1866,6.7,53.4,75.4,65.6,54.7,Fail
STU_1027,18.8,97.6,100.0,84.7,80.5,Pass
STU_1031,7.4,68.2,41.9,76.7,67.8,Pass
STU_1304,3.7,44.7,100.0,65.5,57.9,Fail
STU_1356,4.3,52.0,69.9,63.9,59.0,Fail
STU_1731,5.0,60.2,63.4,51.4,55.4,Fail
STU_0666,6.5,53.2,64.2,42.7,55.8,Fail
STU_0365,14.6,100.0,70.6,74.1,67.4,Pass
STU_0078,5.5,48.7,35.7,70.7,56.5,Fail
STU_0028,6.6,75.3,24.9,44.5,57.9,Fail
STU_1437,6.2,92.7,82.1,66.2,68.1,Pass
STU_0526,11.4,60.0,56.4,46.4,63.0,Pass
STU_1835,5.3,74.4,43.7,67.1,77.3,Pass
STU_0056,13.7,83.9,97.7,75.8,62.0,Pass
STU_0639,5.3,85.7,41.0,55.5,50.2,Fail
STU_0303,12.3,89.1,72.1,77.1,75.5,Pass
STU_0719,8.9,64.6,53.5,40.4,61.6,Pass
STU_0625,6.5,75.9,56.0,49.7,54.5,Fail
STU_0008,11.0,91.2,47.3,60.5,67.2,Pass
STU_0804,10.4,86.0,71.6,68.9,83.2,Pass
STU_1050,6.8,52.4,40.5,41.1,50.8,Fail
STU_0337,15.0,84.4,53.4,71.9,66.9,Pass
STU_0048,6.6,69.8,73.0,55.8,55.0,Fail
STU_1764,10.4,80.6,72.8,79.0,72.8,Pass
STU_0107,8.1,80.6,92.3,77.9,65.6,Pass
STU_0350,10.2,59.5,43.6,100.0,64.5,Pass
STU_1080,10.7,96.8,70.6,60.3,72.9,Pass
STU_0239,6.0,50.9,56.8,59.0,53.9,Fail
STU_0214,7.5,49.5,57.3,49.9,58.8,Fail
STU_1776,6.5,55.1,51.6,63.8,53.7,Fail
STU_1139,3.1,60.4,42.6,100.0,56.0,Fail
STU_0794,3.0,59.7,32.9,62.3,64.7,Pass
STU_1587,18.9,100.0,100.0,100.0,86.9,Pass
STU_1583,6.3,69.6,54.6,43.1,58.4,Fail
STU_1672,11.3,100.0,100.0,69.5,71.7,Pass
STU_0524,9.3,63.9,47.3,31.8,70.0,Pass
STU_0233,5.9,60.0,60.2,71.9,57.9,Fail
STU_0645,14.7,79.5,75.7,39.8,59.8,Fail
STU_1508,9.7,70.2,42.3,70.9,67.2,Pass
STU_0534,18.4,94.3,89.4,62.6,72.7,Pass
STU_1942,7.7,67.9,33.3,61.9,55.3,Fail
STU_0604,2.5,59.4,37.3,48.5,51.6,Fail
STU_1330,18.1,90.8,100.0,73.9,73.2,Pass
STU_1075,7.5,61.9,75.7,78.0,64.0,Pass
STU_1305,10.4,69.0,50.3,52.0,55.8,Fail
STU_0061,2.9,66.6,76.9,39.4,57.2,Fail
STU_1264,7.1,98.4,56.2,53.9,75.3,Pass
STU_0093,5.1,49.3,42.3,68.2,47.4,Fail
STU_0667,2.9,60.2,48.5,58.7,45.4,Fail
STU_0281,7.4,70.2,54.0,43.7,62.2,Pass
STU_1114,5.3,45.9,54.2,47.9,57.8,Fail
STU_0360,18.6,100.0,100.0,99.4,71.9,Pass
STU_1129,9.1,100.0,87.1,82.2,72.5,Pass
STU_1170,11.3,93.7,81.8,78.5,68.3,Pass
STU_0848,15.9,98.1,78.5,83.4,75.4,Pass
STU_1522,13.2,83.9,81.6,82.4,61.2,Pass
STU_0111,3.8,70.7,55.9,67.2,64.6,Pass
STU_0043,9.9,81.9,59.0,89.0,83.3,Pass
STU_0126,14.4,60.3,80.8,79.8,67.4,Pass
STU_0205,2.9,60.3,58.7,39.9,58.7,Fail
STU_0053,13.4,77.5,87.5,37.1,60.8,Pass
STU_0546,9.9,89.9,71.7,100.0,71.2,Pass
STU_0069,8.3,70.8,80.7,93.3,75.9,Pass
STU_1741,14.3,91.5,58.9,81.5,67.2,Pass
STU_1548,12.7,82.4,83.0,64.4,65.3,Pass
STU_0184,12.8,75.9,71.9,69.6,72.3,Pass
STU_0138,5.0,69.4,41.2,35.0,49.7,Fail
STU_0900,8.3,63.8,43.4,47.4,67.8,Pass
STU_0797,10.9,70.0,76.8,72.0,45.0,Fail
STU_0133,6.9,79.2,57.8,61.7,59.5,Fail
STU_0081,4.3,59.0,30.6,58.4,46.7,Fail
STU_1987,13.7,72.4,64.5,81.5,65.4,Pass
STU_1541,7.6,70.9,67.3,75.2,54.6,Fail
STU_0542,11.6,98.9,53.9,79.4,62.2,Pass
STU_1669,7.4,63.6,61.6,48.7,52.9,Fail
STU_0984,13.6,80.5,56.8,82.5,66.9,Pass
STU_0166,8.3,65.5,44.5,52.3,59.1,Fail
STU_0249,11.6,93.8,46.4,86.3,73.8,Pass
STU_0447,11.4,68.9,49.5,64.6,58.2,Fail
STU_1515,14.3,88.7,80.6,90.3,38.8,Fail
STU_0859,3.6,48.5,42.3,68.2,51.7,Fail
STU_1212,11.1,86.5,91.3,93.3,85.6,Pass
STU_0098,10.6,66.2,46.5,85.0,70.1,Pass
STU_1974,17.4,93.2,68.4,67.9,67.7,Pass
STU_0738,7.5,81.2,44.5,96.0,58.6,Fail
STU_1256,8.1,68.5,52.0,60.2,62.5,Pass
STU_0103,6.9,73.5,64.4,71.5,62.6,Pass
STU_0435,8.9,50.1,100.0,31.8,70.2,Pass
STU_0075,17.0,97.0,85.3,70.1,80.0,Pass
STU_1792,18.0,88.4,91.7,85.5,78.9,Pass
STU_1235,8.1,60.1,50.6,69.1,52.3,Fail
STU_0919,4.9,70.4,78.3,79.6,68.8,Pass
STU_1712,5.7,67.5,77.2,42.5,51.1,Fail
STU_1671,18.0,75.4,74.9,100.0,72.8,Pass
STU_1621,5.5,51.5,38.6,63.9,56.4,Fail
STU_0763,8.0,45.6,100.0,35.4,58.0,Fail
STU_0990,4.3,82.5,44.9,43.5,53.9,Fail
STU_0389,4.8,68.0,83.6,42.5,68.3,Pass
STU_0236,15.7,91.5,100.0,84.7,36.8,Fail
STU_1507,6.9,65.8,72.3,85.1,65.1,Pass
STU_0268,3.9,58.0,28.8,42.5,43.2,Fail
STU_1188,4.1,69.5,70.0,34.6,58.5,Fail
STU_0118,2.6,60.3,22.5,50.8,46.5,Fail
STU_1607,5.2,40.7,66.6,39.5,46.7,Fail
STU_0674,6.7,63.3,73.2,93.6,67.4,Pass
STU_0250,16.8,96.4,100.0,80.3,85.1,Pass
STU_1453,8.3,76.7,77.9,70.5,59.8,Fail
STU_1995,4.6,81.3,60.1,34.1,43.8,Fail
STU_0095,9.5,76.0,53.4,64.5,76.1,Pass
STU_0034,11.4,82.7,46.2,62.9,67.5,Pass
STU_1464,11.6,83.3,79.4,52.1,66.1,Pass
STU_1668,9.5,60.1,93.4,57.9,66.9,Pass
STU_0449,11.4,84.7,86.1,44.3,53.8,Fail
STU_0717,11.1,62.0,40.0,84.0,59.6,Fail
STU_1810,14.4,94.8,82.2,69.4,66.5,Pass
STU_1518,10.7,79.2,65.3,64.4,48.2,Fail
STU_0001,10.7,91.6,90.8,79.2,61.1,Pass
STU_1376,5.0,66.2,53.8,56.3,64.4,Pass
STU_1102,16.8,86.2,72.7,83.2,70.1,Pass
STU_1109,11.3,84.3,87.9,100.0,85.5,Pass
STU_1227,6.8,70.6,41.4,69.2,58.9,Fail
STU_0083,4.7,74.2,97.1,74.5,58.9,Fail
STU_1289,8.4,55.0,71.7,59.3,54.9,Fail
STU_0677,13.4,82.8,67.5,35.1,64.1,Pass
STU_1921,7.5,65.9,51.3,56.8,60.4,Pass
STU_1047,3.5,50.5,42.4,36.2,50.2,Fail
STU_0771,0.8,59.2,20.7,43.2,37.2,Fail
STU_1947,10.8,75.0,62.7,84.9,73.4,Pass
STU_1281,11.8,81.3,65.6,73.3,66.4,Pass
STU_1581,19.6,89.8,100.0,90.1,75.7,Pass
STU_1489,11.0,78.1,83.6,64.9,67.2,Pass
STU_0405,14.3,62.1,60.1,100.0,69.0,Pass
STU_1728,10.2,72.5,92.4,41.4,62.8,Pass
STU_1299,6.5,57.1,38.2,67.7,53.0,Fail
STU_1341,6.9,51.8,59.2,43.5,44.7,Fail
STU_0105,7.6,83.7,71.3,93.4,86.2,Pass
STU_0689,5.0,55.4,71.0,100.0,60.0,Pass
STU_1306,12.5,79.6,81.1,53.9,67.9,Pass
STU_0827,9.2,75.5,73.4,57.5,70.9,Pass
STU_0063,7.2,73.0,61.3,84.5,75.0,Pass
STU_0853,14.1,69.1,47.3,60.2,63.4,Pass
STU_1354,3.6,56.5,69.4,90.3,53.7,Fail
STU_0224,1.5,58.7,73.0,51.0,41.8,Fail
STU_0146,10.7,78.6,68.3,70.6,59.9,Fail
STU_1089,5.9,73.1,62.1,66.4,68.9,Pass
STU_0374,7.7,92.0,99.3,97.1,69.1,Pass
STU_1421,13.8,75.7,96.4,80.3,74.6,Pass
STU_1143,10.6,62.2,93.6,60.2,51.1,Fail
STU_1827,4.3,52.2,89.9,35.7,55.5,Fail
STU_1495,11.2,79.0,60.3,68.7,66.8,Pass
STU_1602,10.9,98.1,44.0,100.0,61.3,Pass
STU_1271,15.7,90.8,72.6,50.6,75.7,Pass
STU_0010,1.8,66.6,49.1,36.8,58.7,Fail
STU_0450,12.8,79.4,49.6,48.5,53.4,Fail
STU_0709,8.2,57.8,49.4,99.7,48.2,Fail
STU_0256,3.0,41.0,19.6,47.2,35.7,Fail
STU_0883,6.9,71.2,63.7,62.6,69.9,Pass
STU_0390,13.5,100.0,88.7,90.3,66.2,Pass
STU_0909,16.8,82.3,97.6,89.7,54.6,Fail
STU_0925,12.9,75.3,63.2,77.7,65.7,Pass
STU_1704,6.5,71.6,52.8,69.3,68.5,Pass
STU_1233,5.2,61.0,88.4,66.9,61.7,Pass
STU_0461,6.6,65.2,41.4,39.4,61.8,Pass
STU_1270,9.0,83.9,64.4,71.0,60.5,Pass
STU_1760,6.3,39.3,37.9,72.7,57.1,Fail
STU_1169,8.0,52.0,67.4,54.3,59.6,Fail
STU_0959,3.1,56.4,30.3,57.8,50.0,Fail
STU_0502,7.8,64.9,63.2,55.2,59.9,Fail
STU_0740,9.7,85.0,79.5,65.3,61.0,Pass
STU_1850,7.7,83.6,65.6,64.7,74.4,Pass
STU_0869,8.7,57.9,46.6,83.1,60.9,Pass
STU_0732,3.1,53.7,52.0,47.2,59.8,Fail
STU_0540,3.2,79.6,80.2,42.4,69.6,Pass
STU_1202,9.3,71.1,77.6,54.6,66.0,Pass
STU_0698,10.2,77.9,60.8,86.7,70.8,Pass
STU_1393,5.6,49.6,37.8,53.8,35.4,Fail
STU_1377,5.5,55.8,61.2,71.9,53.1,Fail
STU_1146,5.8,70.1,50.7,28.2,61.1,Pass
STU_1032,8.4,69.7,62.2,94.5,56.3,Fail
STU_0373,2.7,47.9,39.8,43.4,41.5,Fail
STU_0668,2.3,68.3,21.4,82.4,41.1,Fail
STU_1526,8.0,53.2,48.2,57.6,54.3,Fail
STU_0358,4.7,72.8,71.9,43.9,49.9,Fail
STU_0968,14.7,83.2,58.0,80.4,56.0,Fail
STU_0784,11.8,73.0,69.4,55.0,63.5,Pass
STU_0736,25.0,99.6,100.0,100.0,79.9,Pass
STU_1036,8.1,79.5,65.9,88.1,72.8,Pass
STU_0971,7.6,62.5,73.3,62.2,56.5,Fail
STU_1525,22.0,100.0,100.0,100.0,85.7,Pass
STU_1487,13.0,84.8,87.0,100.0,70.7,Pass
STU_1524,5.8,94.9,67.1,74.8,71.9,Pass
STU_1491,4.2,64.5,65.6,39.9,68.3,Pass
STU_1643,13.9,100.0,64.5,77.0,67.7,Pass
STU_1253,14.0,75.4,67.0,62.4,57.6,Fail
STU_1694,10.4,83.9,91.8,72.6,69.3,Pass
STU_1750,10.4,66.3,42.6,64.7,54.9,Fail
STU_1237,7.1,67.0,74.1,79.6,55.6,Fail
STU_0886,6.7,73.4,27.4,53.2,52.3,Fail
STU_0080,8.3,77.9,77.5,58.2,61.1,Pass
STU_1173,6.0,49.7,70.5,77.4,67.8,Pass
STU_0815,13.0,71.9,68.7,84.4,73.4,Pass
STU_1286,10.5,79.0,63.9,64.8,69.1,Pass
STU_0672,9.5,63.0,61.5,71.6,65.1,Pass
STU_1532,9.8,84.3,80.6,94.6,77.5,Pass
STU_0058,6.5,52.9,33.5,51.1,54.5,Fail
STU_0134,25.0,100.0,100.0,100.0,80.2,Pass
STU_1141,9.1,91.8,54.4,77.1,55.7,Fail
STU_0934,3.8,72.5,56.7,63.1,55.6,Fail
STU_1685,5.5,49.3,70.8,41.1,56.8,Fail
STU_0824,5.2,62.3,57.3,78.4,56.4,Fail
STU_1215,4.6,44.9,19.8,66.3,49.6,Fail
STU_0505,9.1,71.5,64.8,65.4,51.3,Fail
STU_1775,3.7,60.0,71.6,57.3,48.3,Fail
STU_0348,12.3,85.4,81.6,89.0,73.8,Pass
STU_0387,1.5,58.1,58.2,55.7,54.0,Fail
STU_1025,5.9,82.0,44.4,67.6,61.1,Pass
STU_0895,10.5,66.1,55.5,100.0,54.9,Fail
STU_0829,12.3,83.9,55.4,72.3,71.6,Pass
STU_1893,7.6,92.6,64.3,78.1,75.7,Pass
STU_0476,4.0,63.9,92.6,76.6,70.9,Pass
STU_1471,17.1,91.1,100.0,54.9,71.5,Pass
STU_1448,3.1,86.5,77.0,67.2,59.5,Fail
STU_1582,13.6,70.5,75.7,80.1,80.4,Pass
STU_0653,15.4,66.3,74.3,79.8,72.8,Pass
STU_0173,5.3,67.2,60.1,84.7,53.4,Fail
STU_1150,14.8,87.5,84.8,73.5,65.5,Pass
STU_0039,5.9,54.7,63.7,80.2,56.7,Fail
STU_0714,10.0,58.6,45.1,58.4,53.8,Fail
STU_0091,10.8,91.4,78.6,59.6,66.6,Pass
STU_1937,13.8,74.2,74.9,58.0,60.7,Pass
STU_1206,2.3,59.0,44.0,50.6,50.1,Fail
STU_0876,20.2,100.0,100.0,67.4,74.0,Pass
STU_1352,12.8,65.2,53.3,69.3,72.4,Pass
STU_1890,13.0,82.3,78.7,100.0,69.1,Pass
STU_1094,6.2,58.7,64.0,63.2,59.6,Fail
STU_1156,4.6,66.5,35.9,75.8,52.5,Fail
STU_1782,5.3,82.4,54.4,69.5,66.4,Pass
STU_1959,4.7,86.2,61.6,74.5,59.0,Fail
STU_0500,7.2,68.9,40.0,59.2,53.2,Fail
STU_0339,25.0,100.0,100.0,78.2,86.8,Pass
STU_1189,25.0,100.0,100.0,88.3,44.6,Fail
STU_0029,5.9,53.0,56.1,63.2,59.9,Fail
STU_1218,7.6,49.9,59.3,26.2,44.4,Fail
STU_1400,6.7,67.6,93.6,52.1,56.5,Fail
STU_1821,11.7,76.8,44.5,64.8,70.5,Pass
STU_0946,12.9,71.6,92.7,97.8,80.4,Pass
STU_0170,7.3,92.7,62.0,100.0,72.8,Pass
STU_1405,25.0,100.0,100.0,91.7,84.6,Pass
STU_1198,18.2,91.9,80.3,87.4,47.0,Fail
STU_1254,1.7,55.2,42.9,67.1,37.8,Fail
STU_1614,8.7,65.7,66.5,57.4,60.4,Pass
STU_0913,18.9,85.7,100.0,100.0,88.1,Pass
STU_0492,5.6,60.3,79.2,84.6,59.3,Fail
STU_0954,3.5,82.1,18.5,35.6,49.4,Fail
STU_1098,7.9,77.6,67.9,72.0,66.7,Pass
STU_1033,8.9,66.7,30.3,52.1,53.3,Fail
STU_0588,5.9,70.5,57.2,82.4,58.6,Fail
STU_0751,8.3,45.9,63.9,65.6,57.6,Fail
STU_0658,8.1,51.7,69.8,39.0,66.9,Pass
STU_0235,7.5,68.1,46.9,55.5,57.6,Fail
STU_0733,2.0,54.6,70.2,18.3,51.8,Fail
STU_1989,9.2,64.9,34.0,37.6,60.6,Pass
STU_1633,7.4,90.0,83.5,72.1,68.0,Pass
STU_1157,9.4,92.6,55.7,100.0,78.9,Pass
STU_1470,8.4,71.3,65.4,64.1,55.3,Fail
STU_1425,25.0,100.0,100.0,49.1,73.3,Pass
STU_1628,20.9,100.0,100.0,100.0,89.3,Pass
STU_0935,10.3,81.7,65.2,61.3,40.1,Fail
STU_1210,5.3,40.0,79.2,74.0,51.8,Fail
STU_1066,10.3,83.1,76.0,67.9,61.3,Pass
STU_0109,11.5,71.8,65.4,89.4,65.4,Pass
STU_1543,3.6,64.3,55.1,80.2,48.4,Fail
STU_0569,7.0,73.7,61.2,67.6,56.9,Fail
STU_1168,15.5,92.2,45.9,100.0,70.0,Pass
STU_1175,11.5,86.7,78.1,51.2,64.5,Pass
STU_0891,2.5,39.6,46.8,93.4,61.5,Pass
STU_0948,6.2,57.9,72.2,74.1,48.0,Fail
STU_1049,16.9,98.6,91.0,100.0,79.0,Pass
STU_1353,12.7,88.7,69.7,100.0,67.2,Pass
STU_1778,13.2,65.1,85.0,45.6,73.5,Pass
STU_1447,15.6,97.6,100.0,79.6,81.4,Pass
STU_0885,17.8,100.0,88.9,71.8,75.7,Pass
STU_1673,4.2,75.5,88.6,25.7,58.6,Fail
STU_0851,18.2,91.4,94.0,82.8,86.0,Pass
STU_0735,10.1,89.8,65.8,100.0,67.8,Pass
STU_0718,8.4,51.8,77.5,78.1,53.0,Fail
STU_0455,14.3,66.5,100.0,48.5,54.6,Fail
STU_0265,5.7,79.7,71.4,69.6,71.4,Pass
STU_0076,2.9,61.0,32.2,68.6,49.4,Fail
STU_1658,3.9,59.5,46.4,44.2,48.4,Fail
STU_0445,2.5,42.5,58.4,79.3,52.7,Fail
STU_0396,6.9,53.7,66.3,95.8,61.1,Pass
STU_0177,9.6,76.7,70.4,95.0,68.4,Pass
STU_1043,8.8,53.5,40.4,40.7,69.0,Pass
STU_1736,11.1,80.4,75.8,42.3,50.7,Fail
STU_1402,9.8,100.0,71.7,63.7,75.8,Pass
STU_1381,10.6,73.0,69.2,79.3,70.7,Pass
STU_0596,2.3,48.7,80.7,56.8,49.7,Fail
STU_0062,6.1,60.1,74.1,42.3,63.2,Pass
STU_1297,11.4,86.0,76.0,100.0,76.8,Pass
STU_0873,10.8,91.2,67.4,58.6,55.6,Fail
STU_1490,11.3,90.7,100.0,52.0,73.9,Pass
STU_1879,8.9,75.8,62.5,93.3,66.9,Pass
STU_0279,11.2,81.8,62.5,87.0,69.7,Pass
STU_0037,4.6,84.2,86.6,100.0,76.2,Pass
STU_1976,9.6,83.0,82.9,94.4,77.1,Pass
STU_0663,19.0,100.0,80.7,78.2,77.9,Pass
STU_1954,7.7,89.3,66.7,56.9,72.4,Pass
STU_1445,20.1,100.0,98.7,95.9,73.2,Pass
STU_0978,9.9,68.0,78.7,68.4,56.6,Fail
STU_1572,4.6,47.9,49.4,79.0,67.7,Pass
STU_0739,9.4,66.3,59.1,64.2,58.0,Fail
STU_0192,15.1,86.8,90.7,61.2,71.2,Pass
STU_0920,8.6,74.6,74.0,51.7,52.6,Fail
STU_0457,11.8,90.8,76.5,90.8,74.9,Pass
STU_0676,3.7,55.8,59.7,55.7,50.6,Fail
STU_0761,6.6,55.2,42.6,72.0,57.7,Fail
STU_1808,13.5,93.5,50.8,89.1,66.2,Pass
STU_1603,15.7,81.5,82.8,61.4,66.8,Pass
STU_0729,12.0,66.5,100.0,67.6,54.8,Fail
STU_0413,8.8,61.5,48.3,64.9,60.9,Pass
STU_1099,2.1,45.6,42.8,33.4,26.6,Fail
STU_0826,8.1,40.3,65.6,66.7,57.2,Fail
STU_1640,17.6,99.0,85.8,72.0,78.6,Pass
STU_0617,7.8,70.8,47.2,58.0,65.6,Pass
STU_0115,10.5,65.4,69.7,56.8,59.7,Fail
STU_0418,5.6,71.2,73.4,72.3,58.8,Fail
STU_1911,9.3,46.9,22.2,65.8,53.5,Fail
STU_0970,5.7,68.5,77.1,100.0,62.8,Pass
STU_0605,17.6,100.0,76.6,82.2,82.6,Pass
STU_1919,8.7,59.2,67.6,63.0,70.3,Pass
STU_0090,12.5,79.4,94.5,8.4,72.7,Pass
STU_0849,5.6,78.1,41.6,65.6,52.4,Fail
STU_1520,9.9,75.4,67.0,77.0,66.7,Pass
STU_1918,9.5,83.9,36.1,87.2,70.5,Pass
STU_0754,1.7,56.6,49.8,54.0,36.8,Fail
STU_0499,9.8,84.7,65.6,34.1,62.4,Pass
STU_1277,5.1,61.9,58.3,68.6,56.5,Fail
STU_1326,8.7,73.7,84.2,72.0,80.7,Pass
STU_0012,9.6,71.4,74.9,72.6,63.7,Pass
STU_0397,6.3,68.7,85.5,67.0,59.8,Fail
STU_0285,5.2,49.9,62.3,100.0,58.5,Fail
STU_1067,11.0,85.9,64.5,85.8,65.5,Pass
STU_1192,11.0,39.4,63.2,63.1,58.8,Fail
STU_1745,1.8,57.6,87.5,44.3,56.9,Fail
STU_0691,3.3,57.5,36.5,41.3,51.0,Fail
STU_1753,7.5,56.2,53.0,46.2,48.0,Fail
STU_1876,2.0,46.1,33.3,58.3,70.3,Pass
STU_0690,5.2,51.3,54.3,73.0,58.6,Fail
STU_0852,22.4,100.0,100.0,99.8,81.6,Pass
STU_0160,19.0,99.5,92.1,90.7,61.3,Pass
STU_0896,7.8,76.2,60.5,42.0,68.3,Pass
STU_1576,12.7,81.9,55.0,93.1,83.2,Pass
STU_0258,7.7,79.3,57.6,92.5,63.6,Pass
STU_0336,2.7,37.5,51.8,76.8,52.0,Fail
STU_1880,10.1,78.3,64.5,36.1,64.0,Pass
STU_1040,8.5,62.6,86.6,82.6,60.7,Pass
STU_0516,7.2,78.7,70.0,31.5,62.3,Pass
STU_1349,5.6,64.1,81.4,43.3,66.6,Pass
STU_1016,8.6,87.2,74.8,75.9,60.8,Pass
STU_0769,12.3,83.5,100.0,72.5,73.2,Pass
STU_1747,7.6,59.7,66.2,72.7,57.9,Fail
STU_0762,8.8,65.3,54.8,89.2,56.5,Fail
STU_1247,6.8,44.2,64.7,73.3,67.6,Pass
STU_1204,4.6,56.7,50.0,51.1,58.0,Fail
STU_1468,10.5,62.7,42.3,55.8,55.7,Fail
STU_1984,8.6,65.1,65.7,55.6,55.8,Fail
STU_0522,11.6,81.8,62.2,79.7,54.3,Fail
STU_0023,3.1,58.2,64.2,60.9,57.2,Fail
STU_0357,12.1,75.3,80.5,79.6,76.4,Pass
STU_1278,8.2,50.2,77.7,86.2,70.8,Pass
STU_1313,10.7,72.1,84.3,67.6,60.1,Pass
STU_1683,7.5,84.4,40.5,93.4,71.4,Pass
STU_0341,4.5,47.1,72.9,63.1,56.4,Fail
STU_0432,4.1,59.2,70.7,75.9,67.6,Pass
STU_0474,6.1,68.6,72.1,65.1,57.2,Fail
STU_0218,8.1,76.5,68.1,56.4,54.6,Fail
STU_0912,8.6,57.2,58.7,83.9,57.5,Fail
STU_1228,6.1,62.2,62.9,62.8,54.6,Fail
STU_1597,6.9,79.8,65.1,61.9,58.9,Fail
STU_1012,2.8,72.7,82.0,64.1,61.8,Pass
STU_1950,6.4,61.7,28.9,80.3,60.4,Pass
STU_0094,9.2,68.3,61.7,52.5,53.6,Fail
STU_1009,2.9,53.9,45.7,48.0,52.1,Fail
STU_1071,6.8,69.9,61.1,64.8,66.1,Pass
STU_1093,9.6,71.2,63.2,47.7,60.1,Pass
STU_1915,25.0,100.0,100.0,97.7,88.8,Pass
STU_1309,11.9,59.5,59.6,79.6,56.1,Fail
STU_0697,11.5,69.5,62.2,52.5,63.6,Pass
STU_1828,16.6,99.4,58.4,65.8,72.9,Pass
STU_0997,16.8,89.7,100.0,76.2,69.3,Pass
STU_0154,15.9,96.1,68.2,77.9,67.1,Pass
STU_1100,15.9,78.4,66.5,100.0,69.9,Pass
STU_1719,12.4,79.5,89.6,88.1,68.9,Pass
STU_1998,3.4,49.8,41.2,27.7,79.1,Pass
STU_0790,10.5,100.0,74.8,56.0,66.8,Pass
STU_0581,13.2,94.9,75.6,62.7,66.1,Pass
STU_0704,19.0,92.4,100.0,100.0,67.4,Pass
STU_1213,10.7,82.8,57.4,56.3,68.7,Pass
STU_1296,9.3,78.9,65.7,61.4,66.8,Pass
STU_1666,9.0,54.8,78.9,41.4,62.0,Pass
STU_1261,2.5,49.6,89.9,45.7,45.3,Fail
STU_0488,5.3,64.5,47.6,63.4,56.7,Fail
STU_0560,1.9,53.5,45.8,84.2,52.4,Fail
STU_1142,5.8,64.8,87.0,57.3,57.5,Fail
STU_1120,12.6,75.7,74.5,80.3,59.2,Fail
STU_0802,6.5,73.3,74.1,41.0,63.4,Pass
STU_0513,10.8,58.9,59.4,25.1,59.1,Fail
STU_0634,9.8,84.7,69.9,87.3,67.2,Pass
STU_1922,4.7,60.0,49.9,74.1,68.0,Pass
STU_1788,5.1,71.7,89.6,42.8,54.2,Fail
STU_1546,4.7,67.1,60.0,65.0,63.6,Pass
STU_1151,6.5,49.9,100.0,87.3,70.5,Pass
STU_0791,5.1,66.3,72.8,75.2,61.5,Pass
STU_0117,4.5,59.6,51.9,45.2,58.5,Fail
STU_0741,7.2,88.3,87.0,67.4,69.0,Pass
STU_1691,1.9,45.4,49.0,45.0,44.6,Fail
STU_1082,5.3,63.7,69.7,75.0,50.5,Fail
STU_0831,7.3,64.1,70.2,53.8,70.0,Pass
STU_0120,3.3,74.5,61.6,58.1,64.1,Pass
STU_0657,7.2,68.3,54.1,51.3,73.4,Pass
STU_1908,5.7,48.9,50.0,37.6,53.1,Fail
STU_0636,7.3,82.5,93.8,74.0,72.2,Pass
STU_0370,3.2,55.1,63.1,95.3,52.5,Fail
STU_0269,22.0,88.3,59.5,66.9,67.2,Pass
STU_0656,16.8,100.0,99.2,100.0,86.3,Pass
STU_0936,15.3,100.0,94.7,61.7,73.2,Pass
STU_0823,10.1,67.3,74.9,65.6,71.2,Pass
STU_0867,21.2,100.0,70.6,69.0,69.2,Pass
STU_0047,8.4,76.1,54.9,100.0,69.1,Pass
STU_1374,5.1,50.3,60.2,56.1,52.5,Fail
STU_1709,3.4,59.5,42.8,43.6,49.0,Fail
STU_0992,13.8,94.5,52.1,84.8,64.8,Pass
STU_0877,5.4,56.5,40.1,77.7,55.1,Fail
STU_0774,7.9,59.9,80.1,68.7,62.9,Pass
STU_1220,2.4,63.9,64.4,55.8,51.8,Fail
STU_2000,3.2,25.1,61.8,63.3,45.0,Fail
STU_0005,18.5,100.0,77.0,71.1,91.3,Pass
STU_1004,19.5,100.0,72.4,56.8,78.2,Pass
STU_1724,9.6,88.8,59.3,52.9,63.7,Pass
STU_0264,13.7,90.1,71.0,70.7,70.8,Pass
STU_1570,4.0,95.1,49.9,72.8,68.0,Pass
STU_1831,4.5,54.4,55.9,60.2,53.5,Fail
STU_0444,11.4,61.6,63.5,96.6,65.8,Pass
STU_1003,8.2,63.2,61.0,91.1,57.0,Fail
STU_1078,8.7,69.9,52.3,81.9,60.3,Pass
STU_0838,5.4,49.8,64.8,58.4,55.7,Fail
STU_1791,19.3,100.0,98.3,78.7,87.6,Pass
STU_0305,12.3,71.1,51.8,50.4,57.4,Fail
STU_1366,7.2,79.6,54.8,55.5,58.1,Fail
STU_1558,10.6,77.9,77.9,39.5,71.6,Pass
STU_0314,14.0,83.5,39.9,55.8,61.9,Pass
STU_0150,3.3,56.3,75.5,66.0,61.0,Pass
STU_1149,4.6,52.0,68.3,61.9,60.2,Pass
STU_1214,15.0,86.8,66.4,57.1,67.9,Pass
STU_0575,5.5,60.6,40.2,74.8,58.5,Fail
STU_0051,4.7,60.2,52.3,85.0,53.3,Fail
STU_1553,7.2,61.0,13.7,63.0,48.1,Fail
STU_0727,9.0,67.5,82.8,82.1,61.5,Pass
STU_0834,4.5,48.3,43.0,74.5,48.7,Fail
STU_1378,9.2,70.2,75.2,39.5,59.3,Fail
STU_1116,13.6,91.0,57.2,87.9,74.2,Pass
STU_1167,11.4,72.1,42.2,59.0,52.2,Fail
STU_0471,17.1,100.0,100.0,85.9,81.4,Pass
STU_0972,12.0,87.9,95.8,94.5,75.6,Pass
STU_0654,3.4,69.1,42.3,58.2,50.7,Fail
STU_0400,11.3,71.6,71.6,64.2,60.5,Pass
STU_0512,12.7,82.7,64.5,77.0,66.6,Pass
STU_0321,5.4,70.5,85.4,75.5,65.8,Pass
STU_0020,3.9,72.6,52.2,48.0,66.0,Pass
STU_0685,9.1,56.6,63.6,55.9,69.3,Pass
STU_0036,13.5,84.3,84.1,62.2,71.3,Pass
STU_0903,3.8,64.3,58.1,81.2,54.9,Fail
STU_1779,13.2,99.4,100.0,70.9,72.3,Pass
STU_0828,25.0,100.0,89.8,99.8,80.2,Pass
STU_1854,14.7,79.2,100.0,72.1,69.3,Pass
STU_0408,1.5,54.1,53.4,93.6,52.5,Fail
STU_0921,2.8,64.9,36.5,46.2,46.4,Fail
STU_0538,4.0,46.8,42.5,72.5,48.5,Fail
STU_0759,6.5,65.6,55.0,55.8,63.6,Pass
STU_1905,5.6,59.4,50.0,52.7,55.6,Fail
STU_1063,3.3,55.4,58.2,37.1,55.5,Fail
STU_1200,8.3,62.8,47.3,59.5,50.3,Fail
STU_0246,8.6,54.4,75.9,59.5,52.8,Fail
STU_1417,10.6,85.2,82.4,68.3,74.3,Pass
STU_1128,1.8,54.2,58.4,64.5,42.7,Fail
STU_0785,5.8,51.5,75.0,64.4,62.0,Pass
STU_1743,10.7,70.2,100.0,94.8,69.5,Pass
STU_0490,17.2,68.8,67.8,99.5,67.1,Pass
STU_0155,5.0,66.4,59.3,49.1,49.0,Fail
STU_0962,10.8,74.2,79.3,64.5,75.2,Pass
STU_0854,11.3,80.8,70.5,96.8,38.2,Fail
STU_1312,6.4,73.2,40.3,74.6,60.6,Pass
STU_0626,23.1,85.4,74.8,72.3,78.9,Pass
STU_0686,16.7,78.8,65.7,72.5,69.9,Pass
STU_1562,3.2,61.9,43.9,64.7,55.3,Fail
STU_0570,8.1,64.6,50.6,46.3,58.1,Fail
STU_1909,10.3,74.1,61.9,91.7,58.6,Fail
STU_0018,6.7,57.1,63.9,48.7,60.8,Pass
STU_0128,10.8,75.1,64.3,82.2,59.7,Fail
STU_1347,9.1,67.1,79.6,77.9,71.4,Pass
STU_1280,3.8,59.0,43.5,42.5,47.9,Fail
STU_1969,7.5,69.7,83.7,38.1,57.1,Fail
STU_0928,6.5,55.2,49.4,65.5,61.1,Pass
STU_0981,6.6,83.9,67.8,73.0,55.6,Fail
STU_1965,5.5,61.6,36.2,70.6,59.2,Fail
STU_0191,23.3,83.2,94.8,85.8,49.0,Fail
STU_1140,8.9,66.5,62.7,82.7,55.1,Fail
STU_0993,10.7,79.3,66.9,73.7,63.0,Pass
STU_1956,4.4,58.7,77.0,48.4,65.7,Pass
STU_1657,5.7,75.9,72.1,57.2,67.9,Pass
STU_0607,10.7,48.0,25.7,68.7,57.2,Fail
STU_0181,8.6,79.4,70.5,79.9,70.0,Pass
STU_0302,5.5,73.9,55.7,57.3,50.5,Fail
STU_0497,6.2,81.4,62.0,37.9,60.1,Pass
STU_1721,15.4,79.5,64.0,81.7,73.5,Pass
STU_1710,6.2,74.6,46.5,50.5,60.1,Pass
STU_1888,14.7,100.0,100.0,79.7,86.2,Pass
STU_1992,16.3,90.9,61.6,74.3,62.9,Pass
STU_0518,9.9,77.8,85.5,33.6,57.9,Fail
STU_1985,9.2,68.9,57.3,58.2,60.0,Fail
STU_1070,6.3,54.5,82.6,90.7,60.4,Pass
STU_0477,4.8,50.1,58.9,42.3,48.8,Fail
STU_0158,0.3,48.6,53.3,36.7,45.8,Fail
STU_1244,5.9,50.5,47.0,49.0,52.2,Fail
STU_1196,11.3,66.4,66.3,48.9,64.4,Pass
STU_0017,5.4,72.9,66.9,67.4,62.9,Pass
STU_1536,11.1,76.8,70.8,71.1,42.2,Fail
STU_1073,11.9,97.6,88.6,100.0,44.2,Fail
STU_1972,4.6,70.9,55.8,54.4,53.5,Fail
STU_0547,3.3,56.9,42.4,29.2,42.1,Fail
STU_1540,18.4,95.9,97.0,69.5,69.8,Pass
STU_0659,18.6,98.5,96.4,85.1,73.3,Pass
STU_1626,9.9,79.5,63.6,79.0,63.5,Pass
STU_1020,8.1,76.1,68.8,97.8,69.4,Pass
STU_1663,13.3,71.8,79.8,59.1,72.0,Pass
STU_1505,11.4,61.8,47.9,48.7,61.6,Pass
STU_0960,4.0,59.4,43.9,79.4,59.9,Fail
STU_1882,17.4,95.0,94.9,80.8,79.7,Pass
STU_0284,2.9,59.0,57.1,90.6,48.2,Fail
STU_0798,15.3,83.5,99.1,51.8,71.5,Pass
STU_1627,11.9,84.0,74.1,61.7,68.8,Pass
STU_0226,9.8,75.7,56.3,61.6,75.4,Pass
STU_0027,7.4,76.9,57.3,92.5,60.8,Pass
STU_1771,4.0,38.4,35.1,48.5,38.0,Fail
STU_0438,15.1,83.8,81.4,75.2,81.5,Pass
STU_1949,7.1,55.2,54.6,48.0,60.7,Pass
STU_1389,3.1,74.2,61.5,64.0,63.5,Pass
STU_0230,3.1,56.3,56.7,40.3,52.7,Fail
STU_0038,6.6,55.1,58.6,76.7,47.9,Fail
STU_0750,7.1,73.8,57.2,40.2,69.8,Pass
STU_1046,10.3,85.8,59.9,91.3,57.0,Fail
STU_1399,6.7,64.1,40.7,50.5,61.2,Pass
STU_0470,5.7,69.7,76.1,56.8,58.8,Fail
STU_1693,9.0,64.7,54.2,86.8,71.7,Pass
STU_1968,3.9,42.3,57.3,92.0,54.9,Fail
STU_0688,11.0,76.2,72.4,77.4,74.6,Pass
STU_1844,14.7,79.3,57.0,61.6,73.1,Pass
STU_0640,21.5,100.0,99.6,100.0,81.9,Pass
STU_1713,2.6,54.1,42.9,63.0,51.6,Fail
STU_1219,4.6,52.5,42.4,42.6,47.4,Fail
STU_1159,10.1,76.8,55.3,67.5,71.3,Pass
STU_1416,11.4,74.4,68.1,36.0,54.5,Fail
STU_1528,5.9,70.9,54.7,78.7,60.4,Pass
STU_1656,3.7,67.1,47.1,38.7,45.8,Fail
STU_1301,11.7,82.0,63.9,71.2,74.7,Pass
STU_1823,9.2,66.7,82.3,66.2,58.8,Fail
STU_0801,4.8,63.8,70.9,49.3,64.4,Pass
STU_1604,1.5,53.3,51.2,21.1,40.0,Fail
STU_0161,2.8,74.2,56.0,71.3,53.9,Fail
STU_0957,6.8,71.4,64.2,64.9,57.6,Fail
STU_1187,6.9,39.5,41.9,85.9,64.3,Pass
STU_0822,3.2,68.5,58.7,57.2,48.4,Fail
STU_1682,2.6,65.1,41.9,48.8,56.7,Fail
STU_0878,10.5,62.4,80.4,61.4,59.9,Fail
STU_0914,6.7,50.4,41.4,52.9,56.5,Fail
STU_0153,14.2,76.9,82.2,88.3,67.5,Pass
STU_1871,7.2,55.6,52.1,81.3,58.2,Fail
STU_1777,3.5,56.3,70.2,76.9,55.2,Fail
STU_0510,11.3,71.1,72.2,91.3,67.1,Pass
STU_1136,11.5,75.2,34.6,77.1,63.4,Pass
STU_1251,16.4,100.0,75.8,100.0,75.8,Pass
STU_1684,16.4,100.0,88.1,100.0,75.3,Pass
STU_0104,4.8,72.2,33.4,50.2,60.1,Pass
STU_1446,7.7,75.8,50.6,44.5,69.8,Pass
STU_1444,9.5,88.7,62.3,65.5,67.3,Pass
STU_0587,5.2,60.9,63.6,51.7,45.7,Fail
STU_1769,3.1,38.2,56.0,66.2,47.9,Fail
STU_1144,10.7,76.3,57.5,67.9,68.9,Pass
STU_0054,9.7,72.1,59.9,69.8,65.7,Pass
STU_0152,23.6,92.7,97.8,100.0,83.5,Pass
STU_0404,5.7,58.6,63.7,60.1,52.7,Fail
STU_1943,18.1,100.0,100.0,98.7,77.0,Pass
STU_0208,13.0,78.5,73.6,95.4,74.9,Pass
STU_1895,17.7,95.3,77.8,57.7,77.5,Pass
STU_1123,14.5,78.9,94.0,74.2,77.2,Pass
STU_1891,8.7,66.0,94.3,68.1,61.1,Pass
STU_0009,9.2,61.4,72.0,37.9,49.2,Fail
STU_1015,1.9,74.3,68.2,100.0,51.9,Fail
STU_1907,3.2,63.1,39.3,40.7,57.8,Fail
STU_1061,2.3,36.3,66.1,57.2,39.1,Fail
STU_0453,9.1,75.1,81.9,64.0,68.1,Pass
STU_0254,12.1,71.6,54.5,63.6,67.0,Pass
STU_1328,3.0,60.1,35.2,64.6,52.2,Fail
STU_0897,4.9,61.9,68.7,95.5,59.3,Fail
STU_1734,14.5,71.8,75.1,68.0,68.5,Pass
STU_0881,7.5,70.1,72.0,42.9,73.4,Pass
STU_1596,5.0,66.8,45.0,66.5,55.2,Fail
STU_1889,5.5,61.7,25.5,65.6,58.3,Fail
STU_0624,6.4,59.6,62.4,73.3,61.4,Pass
STU_0346,6.7,76.0,28.8,88.7,60.0,Fail
STU_1703,15.1,100.0,37.9,67.6,79.8,Pass
STU_0263,7.7,62.9,66.9,100.0,62.6,Pass
STU_1635,13.1,79.9,72.4,91.1,73.9,Pass
STU_1322,11.4,68.7,57.5,82.7,61.9,Pass
STU_1439,6.9,54.9,65.3,54.1,62.2,Pass
STU_0151,13.4,79.0,66.5,78.4,68.7,Pass
STU_0473,17.4,100.0,87.1,85.1,76.0,Pass
STU_0641,13.1,86.0,88.9,70.5,73.3,Pass
STU_1983,11.6,78.9,56.4,65.0,69.4,Pass
STU_1883,20.5,100.0,100.0,95.2,90.6,Pass
STU_0551,11.6,89.6,74.9,44.0,69.5,Pass
STU_1780,20.7,98.2,85.0,100.0,79.1,Pass
STU_0929,6.2,60.4,85.6,44.8,56.2,Fail
STU_0489,15.4,84.0,61.1,76.6,66.7,Pass
STU_1812,4.9,66.0,79.2,71.8,64.4,Pass
STU_1172,3.4,67.1,58.5,84.4,51.6,Fail
STU_0147,13.0,92.1,68.7,77.7,75.0,Pass
STU_1705,3.0,39.5,41.9,26.0,52.9,Fail
STU_1929,19.5,100.0,100.0,100.0,81.4,Pass
STU_0403,3.3,38.0,59.7,76.3,56.4,Fail
STU_0955,15.3,66.5,51.3,63.7,63.7,Pass
STU_1878,5.7,64.0,46.9,38.7,59.4,Fail
STU_0660,4.5,87.7,70.9,55.1,62.3,Pass
STU_1373,4.7,58.0,74.0,67.4,47.6,Fail
STU_0464,17.4,95.6,100.0,61.4,84.1,Pass
STU_1350,6.7,81.6,57.5,100.0,66.2,Pass
STU_0187,8.1,49.0,66.6,77.7,63.7,Pass
STU_1148,6.2,76.9,70.3,52.0,44.6,Fail
STU_1225,18.1,100.0,75.0,85.7,76.7,Pass
STU_0609,7.9,82.9,45.1,78.3,62.1,Pass
STU_0144,4.7,51.8,56.9,62.7,70.1,Pass
STU_0752,10.9,73.4,69.9,67.1,62.2,Pass
STU_1535,8.2,67.4,57.7,77.7,61.9,Pass
STU_0982,3.9,59.8,75.3,27.0,60.4,Pass
STU_0198,10.2,68.9,77.6,69.6,67.8,Pass
STU_1634,9.1,72.9,33.2,64.0,64.4,Pass
STU_0884,9.9,90.3,66.7,98.4,66.8,Pass
STU_0280,9.6,93.9,60.9,85.3,60.9,Pass
STU_0294,2.9,59.4,75.1,52.2,51.8,Fail
STU_1824,11.6,72.7,73.3,54.8,57.2,Fail
STU_0401,6.6,89.5,71.8,71.5,71.3,Pass
STU_0123,8.3,53.5,64.2,69.8,62.8,Pass
STU_1208,9.2,57.8,86.2,33.0,59.9,Fail
STU_0203,9.2,80.0,44.2,70.4,61.1,Pass
STU_1463,16.0,98.8,98.2,88.5,86.7,Pass
STU_0836,10.1,86.6,73.2,54.9,70.6,Pass
STU_0247,22.9,95.7,98.4,94.8,86.0,Pass
STU_1440,6.6,61.3,44.2,81.6,51.2,Fail
STU_1754,5.4,68.6,66.2,62.7,54.1,Fail
STU_1902,22.8,100.0,100.0,96.0,85.7,Pass
STU_1708,4.5,59.2,50.7,40.9,51.2,Fail
STU_1881,8.7,67.7,59.4,53.8,62.4,Pass
STU_1154,4.5,67.1,52.2,87.1,65.1,Pass
STU_1662,7.7,74.3,42.9,35.3,50.3,Fail
STU_1427,3.0,58.3,49.5,52.6,69.2,Pass
STU_0385,17.9,98.8,97.3,71.9,78.1,Pass
STU_1759,0.5,48.0,35.8,57.5,39.4,Fail
STU_0855,4.6,68.2,37.8,55.9,51.6,Fail
STU_1590,9.1,50.5,49.5,55.1,69.8,Pass
STU_0220,23.9,86.0,90.4,100.0,84.7,Pass
STU_0642,10.7,76.8,61.3,83.5,59.7,Fail
STU_0002,7.3,63.6,85.9,66.7,63.5,Pass
STU_0113,7.0,80.2,64.2,81.1,65.7,Pass
STU_0699,8.2,65.0,48.9,67.9,60.6,Pass
STU_1916,13.2,66.4,75.2,54.3,74.1,Pass
STU_0952,10.1,84.6,55.6,82.0,73.4,Pass
STU_1649,8.4,54.3,59.5,73.8,44.8,Fail
STU_1637,4.4,96.2,62.1,36.2,69.1,Pass
STU_1886,24.0,100.0,100.0,83.8,84.6,Pass
STU_1411,6.9,77.0,63.9,52.3,71.7,Pass
STU_1410,9.7,100.0,64.6,100.0,75.7,Pass
STU_1534,13.0,77.2,62.3,48.1,61.5,Pass
STU_1292,17.0,100.0,61.2,70.9,55.0,Fail
STU_1809,2.3,58.6,73.8,66.9,55.6,Fail
STU_0442,12.0,89.6,66.2,75.2,44.1,Fail
STU_1521,11.5,65.8,35.0,97.7,60.1,Pass
STU_1137,3.3,57.4,47.1,54.4,57.5,Fail
STU_1716,11.9,86.4,79.5,41.4,60.4,Pass
STU_1257,4.2,74.4,95.3,68.0,69.6,Pass
STU_1864,4.0,61.2,63.4,65.8,52.4,Fail
STU_1632,7.7,54.8,36.0,55.7,47.8,Fail
STU_1696,5.2,70.2,59.3,73.8,54.1,Fail
STU_1398,17.4,100.0,77.9,100.0,71.0,Pass
STU_0664,14.0,87.6,73.0,57.6,35.4,Fail
STU_1836,6.7,65.6,77.3,64.9,59.1,Fail
STU_1258,6.2,71.8,68.4,49.5,59.3,Fail
STU_1774,10.8,78.4,81.2,96.1,62.5,Pass
STU_1701,5.5,56.4,71.2,60.3,51.3,Fail
STU_0318,11.2,74.1,65.4,69.4,69.9,Pass
STU_0649,7.7,86.4,57.3,83.4,80.7,Pass
STU_1435,8.4,68.8,57.1,47.3,63.3,Pass
STU_1480,4.5,80.6,57.1,71.8,64.6,Pass
STU_0710,4.8,63.5,41.1,66.6,60.5,Pass
STU_1383,4.8,80.4,44.7,54.8,58.9,Fail
STU_1283,2.2,92.4,63.9,78.4,66.7,Pass
STU_0973,6.1,52.3,54.2,53.1,52.6,Fail
STU_0628,9.2,79.8,44.0,72.7,56.7,Fail
STU_0633,13.4,54.7,90.3,41.9,73.3,Pass
STU_1307,8.0,57.2,52.3,43.6,53.8,Fail
STU_1401,12.5,83.6,74.8,100.0,73.3,Pass
STU_1409,7.4,77.0,76.4,86.4,67.6,Pass
STU_1249,7.1,62.2,76.1,53.4,53.2,Fail
STU_1953,9.7,94.5,80.8,76.8,55.5,Fail
STU_1255,13.2,91.3,100.0,74.5,71.7,Pass
STU_1497,1.7,65.8,48.3,80.2,57.9,Fail
STU_1372,9.4,79.4,70.2,63.2,61.3,Pass
STU_1530,4.4,54.0,50.6,71.2,53.8,Fail
STU_1664,8.5,64.9,54.0,95.8,63.0,Pass
STU_1355,3.7,60.2,75.1,55.1,56.0,Fail
STU_1926,22.9,100.0,89.2,86.8,74.4,Pass
STU_1901,7.0,58.9,65.1,53.9,56.6,Fail
STU_1644,5.9,70.9,86.6,74.2,61.7,Pass
STU_1849,4.0,59.3,44.5,60.2,40.9,Fail
STU_0796,3.9,62.1,54.4,80.7,55.4,Fail
STU_0646,15.3,94.4,44.5,68.9,63.5,Pass
STU_1013,6.6,63.9,42.1,55.6,67.5,Pass
STU_1840,19.3,98.1,72.0,74.8,68.2,Pass
STU_0557,8.6,53.4,72.4,83.9,62.1,Pass
STU_0682,3.1,68.9,63.3,72.2,56.0,Fail
STU_0578,13.4,93.1,69.0,100.0,44.9,Fail
STU_1110,7.9,85.0,83.9,41.9,75.7,Pass
STU_1267,7.9,84.0,67.2,64.3,56.4,Fail
STU_1723,7.1,64.5,55.7,98.1,59.2,Fail
STU_1184,11.3,66.6,70.9,98.2,78.1,Pass
STU_0525,18.5,100.0,95.5,53.1,71.3,Pass
STU_1060,17.0,92.0,70.3,77.5,73.2,Pass
STU_0541,13.1,73.9,62.4,70.2,72.2,Pass
STU_1195,11.8,59.1,70.9,91.1,63.9,Pass
STU_1679,6.1,78.5,75.9,59.2,63.5,Pass
STU_0749,5.4,43.5,66.6,40.8,48.0,Fail
STU_1852,9.0,71.8,76.4,65.2,63.3,Pass
STU_1431,21.1,100.0,100.0,85.2,72.5,Pass
STU_0485,10.7,58.2,70.7,56.8,68.5,Pass
STU_1758,4.4,81.0,44.7,58.4,56.7,Fail
STU_0096,5.0,77.2,61.3,89.5,58.6,Fail
STU_1021,5.0,70.8,47.8,15.8,51.0,Fail
STU_0564,10.3,89.2,58.6,61.3,61.3,Pass
STU_1265,13.4,89.9,78.1,45.9,65.6,Pass
STU_0743,8.1,78.5,86.2,62.8,59.1,Fail
STU_0864,21.0,96.4,100.0,96.2,82.4,Pass
STU_1599,10.6,72.1,38.9,38.8,61.2,Pass
STU_1715,9.2,83.2,62.1,78.3,60.7,Pass
STU_1485,18.0,100.0,66.8,55.2,70.2,Pass
STU_0892,5.7,76.8,66.2,38.5,54.3,Fail
STU_1578,6.7,78.5,62.1,63.3,60.0,Fail
STU_1039,3.6,51.0,59.7,50.4,58.1,Fail
STU_0207,7.0,67.6,58.5,64.9,62.7,Pass
STU_0393,3.6,75.5,42.9,42.8,46.4,Fail
STU_0795,4.1,52.3,47.5,59.1,45.0,Fail
STU_0871,5.9,46.2,47.1,43.9,43.0,Fail
STU_0398,6.4,40.9,49.0,44.3,53.0,Fail
STU_0767,6.9,72.2,32.2,100.0,67.9,Pass
STU_1842,9.8,53.2,42.2,100.0,63.6,Pass
STU_1242,3.3,45.7,46.3,33.0,40.2,Fail
STU_1029,1.4,67.3,69.0,28.2,58.0,Fail
STU_1793,2.3,48.8,65.5,54.3,55.9,Fail
STU_0643,25.0,93.6,100.0,93.9,40.0,Fail
STU_1892,7.6,82.3,60.8,85.1,60.1,Pass
STU_0613,6.4,68.8,53.5,0.0,56.9,Fail
STU_1763,5.4,70.8,46.6,67.4,47.4,Fail
STU_0961,5.1,67.7,65.2,53.0,55.0,Fail
STU_1571,7.6,66.8,50.9,89.6,58.9,Fail
STU_0726,8.7,76.4,76.3,51.9,63.3,Pass
STU_0684,10.4,69.6,80.2,87.9,66.6,Pass
STU_0099,4.1,90.1,79.7,53.0,57.6,Fail
STU_0805,5.2,67.0,35.6,89.2,68.3,Pass
STU_1752,6.8,76.1,81.7,64.7,65.0,Pass
STU_1598,5.7,40.7,66.6,57.2,73.9,Pass
STU_0407,11.4,53.6,81.4,55.7,70.9,Pass
STU_0503,20.4,87.8,100.0,67.2,76.9,Pass
STU_1072,18.7,87.0,91.1,85.7,72.9,Pass
STU_1057,6.6,74.1,48.3,68.3,57.4,Fail
STU_0930,4.2,64.6,59.4,82.2,72.7,Pass
STU_0780,3.0,57.9,19.5,63.3,53.5,Fail
STU_0201,5.8,66.6,34.2,60.6,54.2,Fail
STU_0135,1.9,35.1,37.2,55.0,42.4,Fail
STU_1052,12.7,47.7,69.3,58.6,60.1,Pass
STU_0041,12.7,63.2,60.1,42.7,67.8,Pass
STU_1018,4.9,59.1,32.1,79.8,46.6,Fail
STU_0231,20.7,97.1,73.2,79.7,52.8,Fail
STU_1514,9.3,79.2,66.7,86.8,56.3,Fail
STU_1797,9.5,83.8,65.9,56.2,58.2,Fail
STU_0379,8.3,74.5,78.9,84.9,64.6,Pass
STU_0289,8.4,82.4,43.2,56.8,70.4,Pass
STU_0419,4.8,29.4,48.2,57.5,56.6,Fail
STU_1699,4.1,45.8,70.5,64.4,56.5,Fail
STU_0392,12.1,67.6,79.2,40.4,64.8,Pass
STU_0593,8.2,73.8,80.3,7.8,53.5,Fail
STU_1523,21.9,99.0,79.6,100.0,80.2,Pass
STU_1163,13.7,97.6,92.7,93.1,72.7,Pass
STU_1087,14.7,96.6,95.0,72.5,62.0,Pass
STU_1496,4.0,47.2,44.5,62.1,46.0,Fail
STU_0648,3.6,44.8,67.7,70.0,52.0,Fail
STU_1153,12.8,88.1,50.5,61.2,65.6,Pass
STU_1368,12.8,65.2,46.5,90.9,60.0,Fail
STU_0521,8.2,68.2,73.1,85.4,65.0,Pass
STU_1863,6.9,61.9,54.8,59.6,58.7,Fail
STU_0065,9.3,78.7,66.6,67.3,67.5,Pass
STU_1837,17.2,90.8,57.6,97.3,71.6,Pass
STU_0015,5.6,88.6,60.2,72.8,60.0,Pass
STU_1181,3.5,71.0,81.7,59.7,61.9,Pass
STU_1065,4.7,62.2,46.5,69.6,59.7,Fail
STU_0493,11.5,86.4,96.9,60.1,85.7,Pass
STU_0380,9.0,49.8,82.1,57.7,67.2,Pass
STU_0188,9.7,79.9,49.9,80.0,70.2,Pass
STU_0764,13.6,84.6,61.6,65.5,59.5,Fail
STU_0217,8.1,59.4,81.1,61.3,66.7,Pass
STU_0792,6.3,56.5,61.0,65.4,60.4,Pass
STU_1077,3.5,67.3,45.5,52.4,55.2,Fail
STU_0879,12.4,91.1,63.2,85.4,65.5,Pass
STU_0338,11.5,74.8,59.0,82.1,64.2,Pass
STU_1773,13.8,83.9,66.0,100.0,77.7,Pass
STU_0720,2.9,66.0,67.9,91.6,63.9,Pass
STU_1749,8.2,64.4,63.9,90.1,63.9,Pass
STU_0296,5.2,52.4,34.7,58.1,54.8,Fail
STU_1726,8.7,74.1,37.6,65.4,49.6,Fail
STU_1017,9.1,59.6,64.4,76.8,66.7,Pass
STU_1276,5.8,48.4,61.6,29.7,45.8,Fail
STU_1751,10.6,72.2,70.1,70.1,79.6,Pass
STU_1486,5.2,44.3,73.7,84.9,59.8,Fail
STU_0456,7.8,73.1,59.7,82.5,67.5,Pass
STU_1997,21.6,100.0,100.0,100.0,87.6,Pass
STU_0816,5.5,67.9,67.6,58.3,62.1,Pass
STU_1887,15.4,86.4,79.2,40.1,61.4,Pass
STU_0270,8.2,77.5,58.6,50.6,64.2,Pass
STU_0996,10.8,86.3,49.2,82.9,62.4,Pass
STU_0202,5.9,80.4,64.1,83.8,63.4,Pass
STU_0162,17.3,75.7,67.9,100.0,71.2,Pass
STU_1580,7.7,67.6,62.4,46.7,58.0,Fail
STU_0730,13.7,97.7,71.3,92.3,67.5,Pass
STU_0402,9.7,65.0,61.3,77.8,66.5,Pass
STU_0703,4.7,67.8,55.0,58.6,50.0,Fail
STU_1501,6.6,67.5,62.8,60.7,42.2,Fail
STU_1846,20.1,96.1,76.7,75.2,77.3,Pass
STU_1796,12.3,100.0,65.2,57.4,66.9,Pass
STU_1130,11.7,93.4,73.8,76.4,69.2,Pass
STU_0566,7.8,60.5,50.0,36.5,44.9,Fail
STU_1414,6.6,61.0,34.3,81.5,61.4,Pass
STU_1022,2.6,46.5,54.8,40.7,72.5,Pass
STU_1026,8.7,65.7,98.5,63.0,69.0,Pass
STU_1412,4.5,51.1,61.8,72.3,49.1,Fail
STU_1896,25.0,100.0,95.3,99.5,81.4,Pass
STU_1586,21.4,91.6,100.0,67.4,78.2,Pass
STU_1105,10.8,88.5,69.2,81.4,73.6,Pass
STU_0206,5.0,59.5,60.0,51.5,70.5,Pass
STU_0035,14.2,61.7,60.7,59.2,64.3,Pass
STU_0776,15.4,100.0,93.0,72.3,68.2,Pass
STU_0509,20.9,100.0,75.4,100.0,35.8,Fail
STU_1452,7.8,74.1,53.4,65.4,63.3,Pass
STU_1479,10.1,75.7,63.8,53.1,72.1,Pass
STU_1971,11.8,79.2,60.1,61.9,69.1,Pass
STU_1391,22.3,100.0,100.0,100.0,89.7,Pass
STU_0092,9.5,72.9,60.6,52.3,58.8,Fail
STU_1364,6.5,81.2,81.4,42.7,62.3,Pass
STU_0898,4.7,42.5,92.2,70.7,57.5,Fail
STU_0565,4.1,61.4,45.1,49.5,79.2,Pass
STU_1370,16.9,100.0,100.0,75.8,82.5,Pass
STU_0777,7.2,61.0,83.0,79.0,61.7,Pass
STU_0242,10.8,82.8,92.3,50.4,66.2,Pass
STU_0014,6.9,58.7,59.8,53.3,66.2,Pass
STU_0316,10.9,65.9,85.4,48.1,60.8,Pass
STU_0601,14.5,81.3,78.0,88.8,67.6,Pass
STU_0388,2.9,59.5,44.6,62.3,43.3,Fail
STU_1298,7.1,62.1,49.9,70.9,63.5,Pass
STU_0167,6.3,57.3,56.9,62.2,52.7,Fail
STU_0841,4.4,62.2,77.5,27.0,60.2,Pass
STU_0021,12.7,65.7,86.3,65.2,55.2,Fail
STU_0647,19.0,78.7,82.6,100.0,67.0,Pass
STU_1843,4.2,52.3,56.1,73.2,50.7,Fail
STU_1509,17.3,100.0,100.0,60.2,41.6,Fail
STU_1155,3.1,57.6,30.6,58.9,50.1,Fail
STU_1529,11.1,97.8,100.0,100.0,85.9,Pass
STU_0832,3.4,31.8,47.4,44.7,45.7,Fail
STU_1268,13.2,100.0,100.0,64.8,64.4,Pass
STU_1591,3.7,57.8,49.2,39.1,47.2,Fail
STU_1900,10.3,81.0,77.7,91.7,64.5,Pass
STU_0563,12.5,80.5,100.0,81.8,64.4,Pass
STU_1952,8.3,82.1,62.5,61.8,69.7,Pass
STU_0687,8.6,47.3,56.5,43.4,53.1,Fail
STU_0958,13.1,89.7,71.4,100.0,72.2,Pass
STU_0190,4.6,46.8,50.0,39.2,51.4,Fail
STU_1807,8.9,55.4,65.1,68.1,58.1,Fail
STU_0976,4.2,63.2,79.2,62.7,57.5,Fail
STU_0700,7.3,70.5,74.2,46.0,55.9,Fail
STU_1500,11.8,85.6,45.8,100.0,66.4,Pass
STU_1706,5.0,51.5,42.1,66.0,65.4,Pass
STU_0511,14.8,85.3,82.8,85.2,74.1,Pass
STU_1083,1.7,62.1,56.0,75.2,54.9,Fail
STU_0475,6.7,55.3,54.9,34.6,57.0,Fail
STU_1585,6.7,61.9,58.9,73.9,51.5,Fail
STU_0857,11.9,56.6,81.7,73.1,64.5,Pass
STU_0748,3.1,50.1,54.4,62.7,45.9,Fail
STU_0253,6.8,59.5,66.5,61.1,56.1,Fail
STU_0022,3.4,53.5,54.7,55.6,51.5,Fail
STU_1338,9.3,67.3,47.1,78.7,56.4,Fail
STU_0460,6.1,98.9,88.7,53.2,70.1,Pass
STU_1185,8.2,78.3,33.2,52.5,66.5,Pass
STU_0277,2.6,52.1,44.1,46.9,70.0,Pass
STU_0956,9.5,66.5,64.4,67.0,48.0,Fail
STU_1216,3.3,49.7,78.5,67.3,55.5,Fail
STU_0386,15.8,90.5,49.7,70.4,69.3,Pass
STU_0806,13.5,77.3,65.8,68.2,62.9,Pass
STU_1438,13.0,67.6,79.5,85.1,81.0,Pass
STU_1516,6.4,66.9,57.1,87.4,56.7,Fail
STU_0344,14.2,100.0,68.7,100.0,79.6,Pass
STU_0770,5.5,59.8,35.7,44.4,43.2,Fail
STU_1333,7.3,88.1,70.1,96.8,71.8,Pass
STU_1686,14.2,94.0,76.3,96.2,79.0,Pass
STU_0131,11.6,76.9,80.8,66.3,67.9,Pass
STU_1688,0.6,60.9,39.7,19.6,39.0,Fail
STU_0872,2.5,64.1,55.9,85.0,62.7,Pass
STU_1124,7.2,75.2,85.7,56.7,78.6,Pass
STU_1397,5.8,71.3,42.4,58.2,65.3,Pass
STU_0088,8.9,73.2,67.4,53.8,67.4,Pass
STU_1483,2.9,43.1,69.8,71.1,49.9,Fail
STU_0331,4.0,71.4,67.6,47.2,58.5,Fail
STU_1239,10.5,77.4,48.2,50.6,61.3,Pass
STU_0467,13.2,70.8,79.5,63.6,61.5,Pass
STU_0122,8.8,72.4,95.1,51.1,60.3,Pass
STU_1639,13.1,77.6,74.4,65.1,82.4,Pass
STU_1045,13.8,89.0,72.2,100.0,71.1,Pass
STU_1725,1.7,44.7,53.2,72.4,46.3,Fail
STU_1096,6.3,57.4,59.2,76.3,56.4,Fail
STU_1131,13.5,92.5,100.0,85.8,91.3,Pass
STU_1295,6.3,55.4,48.7,78.7,50.8,Fail
STU_0861,7.6,74.8,31.1,51.2,57.4,Fail
STU_1460,5.3,63.0,57.6,59.4,55.9,Fail
STU_1127,6.6,67.4,32.5,82.9,57.6,Fail
